ApplicantIncome,CoapplicantIncome,LoanAmount,Credit_History,Loan_Status,Gender_Female,Gender_Male,Married_No,Married_Yes,Dependents_0,Dependents_1,Dependents_2,Dependents_3+,Education_Graduate,Education_Not Graduate,Self_Employed_No,Self_Employed_Yes,Loan_Amount_Term_6.0,Loan_Amount_Term_12.0,Loan_Amount_Term_36.0,Loan_Amount_Term_60.0,Loan_Amount_Term_84.0,Loan_Amount_Term_120.0,Loan_Amount_Term_180.0,Loan_Amount_Term_240.0,Loan_Amount_Term_300.0,Loan_Amount_Term_350.0,Loan_Amount_Term_360.0,Loan_Amount_Term_480.0,Property_Area_Rural,Property_Area_Semiurban,Property_Area_Urban
3.7671558660821804,0.0,2.1568867957542874,1.0,1.0,0,1,1,0,1,0,0,0,1,0,1,0,0,0,0,0,0,0,0,0,0,0,1,0,0,0,1
3.6612446089593336,3.17868923977559,2.110589710299249,1.0,0.0,0,1,0,1,0,1,0,0,1,0,1,0,0,0,0,0,0,0,0,0,0,0,1,0,1,0,0
3.477265995424853,0.0,1.8260748027008264,1.0,1.0,0,1,0,1,1,0,0,0,1,0,0,1,0,0,0,0,0,0,0,0,0,0,1,0,0,0,1
3.4122925093230463,3.3727279408855955,2.0827853703164503,1.0,1.0,0,1,0,1,1,0,0,0,0,1,1,0,0,0,0,0,0,0,0,0,0,0,1,0,0,0,1
3.7782236267660965,0.0,2.1522883443830563,1.0,1.0,0,1,1,0,1,0,0,0,1,0,1,0,0,0,0,0,0,0,0,0,0,0,1,0,0,0,1
3.7338390006971496,3.62293896921149,2.428134794028789,1.0,1.0,0,1,0,1,0,0,1,0,1,0,0,1,0,0,0,0,0,0,0,0,0,0,1,0,0,0,1
3.3681008517093516,3.1809855807867304,1.9822712330395684,1.0,1.0,0,1,0,1,1,0,0,0,0,1,1,0,0,0,0,0,0,0,0,0,0,0,1,0,0,0,1
3.4824447919182653,3.3988077302032647,2.2013971243204513,0.0,0.0,0,1,0,1,0,0,0,1,1,0,1,0,0,0,0,0,0,0,0,0,0,0,1,0,0,1,0
3.6028193424326997,3.1838390370564214,2.2278867046136734,1.0,1.0,0,1,0,1,0,0,1,0,1,0,1,0,0,0,0,0,0,0,0,0,0,0,1,0,0,0,1
4.108632665580476,4.040167036482847,2.5440680443502757,1.0,0.0,0,1,0,1,0,1,0,0,1,0,1,0,0,0,0,0,0,0,0,0,0,0,1,0,0,1,0
3.5052856741441323,2.8457180179666586,1.8512583487190752,1.0,1.0,0,1,0,1,0,0,1,0,1,0,1,0,0,0,0,0,0,0,0,0,0,0,1,0,0,0,1
3.3981136917305026,3.2650537885040145,2.041392685158225,1.0,1.0,0,1,0,1,0,0,1,0,1,0,1,0,0,0,0,0,0,0,0,0,0,0,1,0,0,0,1
3.4877038631637265,3.9088601730172767,2.303196057420489,1.0,1.0,0,1,0,1,0,0,1,0,1,0,1,0,0,0,0,0,0,0,0,0,0,0,1,0,0,0,1
3.2681097298084785,3.453471233722936,2.060697840353612,1.0,0.0,0,1,1,0,1,0,0,0,1,0,1,0,0,0,0,0,0,0,0,0,0,0,1,0,1,0,0
3.113943352306837,3.0362295440862948,1.255272505103306,1.0,1.0,0,1,0,1,0,0,1,0,1,0,1,0,0,0,0,0,0,1,0,0,0,0,0,0,0,0,1
3.6946929263314843,0.0,2.100370545117563,1.0,1.0,0,1,1,0,1,0,0,0,1,0,1,0,0,0,0,0,0,0,0,0,0,0,1,0,0,0,1
3.5559404378185113,0.0,2.0043213737826426,1.0,1.0,0,1,1,0,0,1,0,0,0,1,1,0,0,0,0,0,0,0,0,1,0,0,0,0,0,0,1
3.545430829465351,0.0,1.8864907251724818,0.0,0.0,1,0,1,0,1,0,0,0,1,0,1,0,0,0,0,0,0,0,0,0,0,0,1,0,0,0,1
3.689131197234498,0.0,2.1271047983648077,1.0,0.0,0,1,0,1,1,0,0,0,0,1,1,0,0,0,0,0,0,0,0,0,0,0,1,0,1,0,0
3.4151403521958725,3.5441921107650325,2.0644579892269186,1.0,1.0,0,1,0,1,1,0,0,0,1,0,1,0,0,0,0,0,0,0,0,0,0,0,1,0,0,0,1
3.884285462339675,0.0,2.0211892990699383,0.0,0.0,0,1,0,1,1,0,0,0,0,1,1,0,0,0,0,0,0,0,0,0,0,0,1,0,0,0,1
3.7749546890801384,3.750199727829182,2.499687082618404,1.0,1.0,0,1,0,1,0,1,0,0,1,0,1,0,0,0,0,0,0,0,0,0,0,0,1,0,0,0,1
3.4151403521958725,3.2814878879400813,2.0681858617461617,0.0,0.0,0,1,0,1,1,0,0,0,0,1,1,0,0,0,0,0,0,0,0,0,0,0,1,0,0,1,0
3.527114111639805,3.282848602834645,2.0530784434834195,0.0,0.0,0,1,0,1,0,0,1,0,0,1,1,0,0,0,0,0,0,0,0,0,0,0,1,0,1,0,0
3.5703093854358796,3.466274321789292,2.1818435879447726,1.0,0.0,0,1,0,1,0,1,0,0,1,0,1,0,0,0,0,0,0,0,0,0,0,0,1,0,0,1,0
3.9805033181933953,0.0,2.2833012287035497,1.0,1.0,0,1,0,1,1,0,0,0,1,0,0,1,0,0,0,0,0,0,0,0,0,0,1,0,0,1,0
3.4471580313422194,3.3529539117100877,2.089905111439398,1.0,1.0,0,1,0,1,1,0,0,0,1,0,1,0,0,0,0,0,0,0,0,0,0,0,1,0,0,1,0
3.626032247829019,3.017450729510536,2.0453229787866576,1.0,1.0,0,1,0,1,0,0,1,0,0,1,1,0,0,0,0,0,0,0,0,0,0,0,1,0,0,0,1
3.159266331093494,0.0,1.5563025007672873,1.0,0.0,0,1,1,0,1,0,0,0,0,1,1,0,0,0,0,0,0,0,0,0,0,0,1,0,0,0,1
3.574147064150723,3.3188977146274867,2.0827853703164503,1.0,1.0,1,0,1,0,0,0,1,0,1,0,1,0,0,0,0,0,0,0,0,0,0,0,1,0,0,1,0
3.619823500457278,3.5276299008713385,2.305351369446624,1.0,0.0,0,1,0,1,0,1,0,0,1,0,1,0,0,0,0,0,0,0,0,0,0,0,1,0,0,0,1
3.500785172917456,0.0,1.8750612633917,1.0,0.0,0,1,1,0,1,0,0,0,1,0,1,0,0,0,0,0,0,0,0,0,0,0,1,0,0,0,1
3.6714505542124947,0.0,2.0293837776852097,1.0,0.0,0,1,1,0,0,1,0,0,1,0,0,1,0,0,0,0,0,0,0,0,0,0,1,0,1,0,0
3.5441921107650325,3.22219604630172,2.060697840353612,1.0,1.0,0,1,0,1,1,0,0,0,1,0,1,0,0,0,0,0,0,0,0,0,0,0,1,0,0,1,0
4.09694475517694,3.477265995424853,2.506505032404872,1.0,0.0,0,1,1,0,0,0,0,1,1,0,1,0,0,0,0,0,0,0,0,0,0,0,1,0,1,0,0
3.3571722577230334,3.315550534421905,2.1568867957542874,1.0,1.0,0,1,0,1,1,0,0,0,1,0,1,0,0,0,0,0,0,0,0,0,0,0,1,0,0,0,1
3.262213705476417,3.124178055474675,2.0043213737826426,0.0,0.0,0,1,0,1,1,0,0,0,1,0,1,0,0,0,0,0,0,0,0,0,0,0,1,0,0,0,1
3.5644293269979834,3.164352855784437,2.161368002234975,1.0,1.0,1,0,0,1,1,0,0,0,1,0,1,0,0,0,0,0,0,0,0,0,0,0,1,0,0,1,0
3.619823500457278,3.857995495560924,2.2671717284030137,1.0,1.0,0,1,1,0,1,0,0,0,1,0,1,0,0,0,0,0,0,0,0,0,0,0,1,0,0,0,1
3.5739154404215507,3.222456336679247,2.0453229787866576,1.0,1.0,0,1,1,0,1,0,0,0,0,1,1,0,0,0,0,0,0,0,0,0,0,0,1,0,0,1,0
3.556423121371285,0.0,1.9084850188786497,1.0,0.0,0,1,1,0,1,0,0,0,1,0,1,0,0,0,0,0,0,0,0,0,0,0,1,0,0,0,1
3.2555137128195333,3.0842186867392387,1.6812412373755872,1.0,1.0,0,1,1,0,1,0,0,0,1,0,1,0,0,0,0,0,0,0,0,0,0,0,1,0,0,0,1
3.3803921600570273,0.0,1.8808135922807914,1.0,1.0,0,1,0,1,1,0,0,0,1,0,1,0,0,0,0,0,0,0,0,0,0,0,1,0,0,0,1
3.5957166199434245,3.368658712392227,2.130333768495006,1.0,1.0,0,1,0,1,1,0,0,0,1,0,1,0,0,0,0,0,0,0,0,0,0,0,1,0,0,1,0
3.671728088239558,0.0,1.9867717342662448,1.0,1.0,0,1,0,1,1,0,0,0,0,1,0,1,0,0,0,0,0,0,0,0,0,0,1,0,0,0,1
3.5328817194073974,0.0,1.9493900066449128,1.0,1.0,1,0,1,0,1,0,0,0,1,0,1,0,0,0,0,0,0,0,0,0,0,0,1,0,0,0,1
3.7520484478194387,0.0,1.6532125137753437,1.0,1.0,0,1,0,1,0,1,0,0,1,0,1,0,0,0,0,0,0,0,0,0,0,0,1,0,0,0,1
3.765072201102792,0.0,2.161368002234975,1.0,1.0,0,1,0,1,1,0,0,0,1,0,1,0,0,0,0,0,0,0,0,0,0,0,1,0,0,0,1
3.422589839851482,3.5366846726209302,2.0827853703164503,0.0,0.0,1,0,0,1,1,0,0,0,1,0,1,0,0,0,0,0,0,0,0,0,0,0,1,0,0,0,1
3.6021685513789974,3.3571722577230334,2.161368002234975,1.0,1.0,1,0,1,0,1,0,0,0,1,0,1,0,0,0,0,0,0,0,0,0,0,0,1,0,0,1,0
3.2853322276438846,3.216165902285993,2.0043213737826426,1.0,1.0,1,0,0,1,1,0,0,0,0,1,1,0,0,0,0,0,0,0,0,0,0,0,1,0,0,1,0
3.4895366294820955,0.0,2.0827853703164503,1.0,1.0,1,0,1,0,1,0,0,0,1,0,1,0,0,0,0,0,0,0,0,0,0,0,1,0,0,1,0
3.6264430253312945,0.0,2.0530784434834195,1.0,0.0,1,0,1,0,1,0,0,0,1,0,1,0,0,0,0,0,0,0,0,0,0,0,1,0,0,1,0
3.664359874551141,0.0,2.130333768495006,1.0,0.0,0,1,0,1,0,0,1,0,1,0,1,0,0,0,0,0,0,0,0,0,0,0,1,0,0,0,1
4.060735603449318,0.0,2.4578818967339924,0.0,0.0,1,0,0,1,0,1,0,0,1,0,0,1,0,0,0,0,0,0,0,0,0,0,1,0,0,0,1
3.4328090050331683,3.0674428427763805,1.9912260756924949,1.0,1.0,0,1,0,1,0,0,1,0,1,0,1,0,0,0,0,0,0,0,0,0,0,0,1,0,0,1,0
3.3289908554494287,3.20194306340165,1.9867717342662448,1.0,1.0,0,1,0,1,1,0,0,0,1,0,1,0,0,0,0,0,0,0,0,0,0,0,1,0,0,1,0
3.5272431163880884,3.342620042553348,2.1335389083702174,1.0,0.0,0,1,0,1,1,0,0,0,1,0,1,0,0,0,0,0,0,0,0,0,0,0,1,0,1,0,0
3.9074651067658563,3.35237549500052,2.2576785748691846,1.0,1.0,0,1,0,1,0,1,0,0,1,0,1,0,0,0,0,0,0,0,0,0,0,0,1,0,0,0,1
3.5260806918020298,3.456366033129043,2.161368002234975,1.0,1.0,0,1,0,1,0,0,1,0,0,1,1,0,0,0,0,0,0,0,0,0,0,0,1,0,0,0,1
3.3981136917305026,3.579440597139797,2.0827853703164503,1.0,1.0,0,1,0,1,1,0,0,0,1,0,1,0,0,0,0,0,0,0,0,0,0,0,1,0,0,0,1
3.481442628502305,0.0,2.0,1.0,1.0,0,1,0,1,0,0,0,1,1,0,1,0,0,0,0,0,0,0,0,0,0,0,1,0,0,0,1
3.416640507338281,3.537819095073274,2.220108088040055,0.0,0.0,0,1,0,1,1,0,0,0,0,1,0,1,0,0,0,0,0,0,1,0,0,0,0,0,1,0,0
3.6942541120252783,0.0,2.1568867957542874,0.0,0.0,0,1,0,1,0,1,0,0,1,0,1,0,0,0,0,0,0,0,0,0,0,0,1,0,1,0,0
3.619823500457278,0.0,2.0681858617461617,0.0,0.0,1,0,1,0,1,0,0,0,1,0,1,0,0,0,0,0,0,0,0,0,0,0,1,0,0,1,0
3.7579271831133294,3.6623800200162475,2.413299764081252,1.0,0.0,0,1,0,1,1,0,0,0,1,0,1,0,0,0,0,0,0,0,0,0,0,0,1,0,0,1,0
3.5052856741441323,3.3531465462139796,2.103803720955957,0.0,0.0,0,1,1,0,1,0,0,0,0,1,1,0,0,0,0,0,0,0,1,0,0,0,0,0,0,0,1
4.031448861859383,0.0,2.4955443375464483,1.0,1.0,0,1,0,1,0,1,0,0,1,0,1,0,0,0,0,0,0,0,0,0,0,0,1,0,0,0,1
3.8513195126487454,0.0,2.100370545117563,1.0,1.0,0,1,0,1,0,0,0,1,0,1,0,1,0,0,0,1,0,0,0,0,0,0,0,0,0,0,1
3.6335694425540916,0.0,2.1367205671564067,0.0,0.0,1,0,1,0,1,0,0,0,1,0,1,0,0,0,0,0,0,0,0,0,0,0,1,0,0,1,0
3.506369717095504,3.4867137759824853,2.2380461031287955,1.0,1.0,0,1,0,1,1,0,0,0,1,0,1,0,0,0,0,0,0,0,0,0,0,0,1,0,0,0,1
3.2732328340430454,3.2732328340430454,1.9912260756924949,1.0,1.0,0,1,0,1,0,0,1,0,0,1,0,1,0,0,0,0,0,0,0,0,0,0,1,0,0,1,0
3.5441921107650325,0.0,1.9138138523837167,1.0,1.0,0,1,1,0,1,0,0,0,1,0,1,0,0,0,0,0,0,0,0,0,1,0,0,0,0,1,0
3.677241845946654,0.0,1.9822712330395684,0.0,0.0,0,1,0,1,0,0,0,1,0,1,1,0,0,0,0,0,0,0,0,0,0,0,1,0,0,1,0
3.721563318357481,3.249198357391113,2.27415784926368,1.0,1.0,0,1,0,1,0,0,0,1,1,0,0,1,0,0,0,0,0,0,0,0,0,0,1,0,0,1,0
3.574147064150723,0.0,2.0569048513364727,1.0,0.0,0,1,1,0,1,0,0,0,1,0,1,0,0,0,0,0,0,0,0,0,0,0,0,1,0,0,1
3.574147064150723,3.6767850304192056,2.247973266361807,1.0,0.0,0,1,1,0,1,0,0,0,1,0,1,0,0,0,0,0,0,0,0,0,0,0,1,0,0,0,1
3.000434077479319,3.480438147177817,2.0453229787866576,1.0,0.0,0,1,0,1,0,1,0,0,1,0,0,1,0,0,0,0,0,0,0,0,0,0,1,0,0,0,1
3.500785172917456,3.6021685513789974,2.2576785748691846,0.0,0.0,0,1,0,1,0,0,0,1,1,0,1,0,0,0,0,0,0,0,0,0,1,0,0,0,0,1,0
3.5229655954919865,3.335858911319818,2.1172712956557644,1.0,1.0,0,1,0,1,0,0,0,1,0,1,0,1,0,0,0,0,0,0,0,0,0,0,1,0,0,1,0
3.5851221863068155,0.0,2.0492180226701815,1.0,1.0,1,0,1,0,1,0,0,0,1,0,1,0,0,0,0,0,0,0,0,0,0,0,1,0,0,1,0
3.3794868137172736,0.0,2.1568867957542874,1.0,1.0,0,1,0,1,0,1,0,0,1,0,0,1,0,0,0,0,0,0,0,0,0,0,1,0,0,1,0
3.13956426617585,3.274619619091238,2.225309281725863,1.0,0.0,1,0,0,1,0,0,1,0,1,0,1,0,0,0,0,0,0,0,0,0,0,0,1,0,0,0,1
3.7782236267660965,3.35237549500052,2.424881636631067,1.0,0.0,0,1,0,1,1,0,0,0,1,0,1,0,0,0,0,0,0,0,0,0,0,0,1,0,0,1,0
3.6008640363098396,0.0,1.7075701760979363,1.0,1.0,0,1,0,1,0,1,0,0,1,0,1,0,0,0,0,0,0,0,0,1,0,0,0,0,0,0,1
3.374198257929083,3.4034637013453173,2.1367205671564067,1.0,1.0,0,1,1,0,1,0,0,0,1,0,1,0,0,0,0,0,0,0,0,0,0,0,1,0,0,1,0
3.5229655954919865,3.3012470886362113,2.0,1.0,1.0,0,1,0,1,0,0,1,0,0,1,1,0,0,0,0,0,0,0,0,0,0,0,1,0,0,1,0
3.3981136917305026,3.3261309567107946,2.0211892990699383,1.0,1.0,0,1,0,1,1,0,0,0,1,0,1,0,0,0,0,0,0,0,0,0,0,0,1,0,0,1,0
3.9328287669008466,0.0,2.3242824552976926,1.0,1.0,0,1,1,0,1,0,0,0,1,0,1,0,0,0,0,0,0,0,0,0,0,0,1,0,0,0,1
3.7555699806288,3.619927710291468,2.24551266781415,1.0,1.0,0,1,0,1,1,0,0,0,1,0,1,0,0,0,0,0,0,0,0,0,0,0,1,0,0,1,0
3.471144965160633,3.4625477288026643,2.12057393120585,1.0,1.0,0,1,0,1,1,0,0,0,1,0,1,0,0,0,0,0,0,0,0,0,0,0,1,0,0,1,0
3.7959494989028033,3.752432609261474,2.2764618041732443,1.0,1.0,0,1,0,1,0,0,1,0,1,0,1,0,0,0,0,0,0,0,1,0,0,0,0,0,0,1,0
3.5150786750759226,3.26030994579492,1.9138138523837167,1.0,1.0,0,1,0,1,0,0,1,0,0,1,1,0,0,0,0,0,0,0,0,0,0,0,1,0,0,0,1
3.6163704722912695,0.0,2.089905111439398,1.0,1.0,0,1,1,0,1,0,0,0,1,0,1,0,0,0,0,0,0,0,0,0,0,0,1,0,0,1,0
3.5588285248170117,0.0,1.414973347970818,1.0,1.0,0,1,1,0,1,0,0,0,0,1,1,0,0,0,0,0,0,1,0,0,0,0,0,0,0,1,0
3.831421817065022,0.0,2.1568867957542874,1.0,0.0,0,1,1,0,1,0,0,0,1,0,1,0,0,0,0,0,0,0,0,0,0,0,1,0,0,0,1
3.395326393069351,3.362293937964231,2.1398790864012365,1.0,1.0,1,0,0,1,1,0,0,0,1,0,1,0,0,0,0,0,0,0,0,0,0,0,1,0,0,1,0
3.2962262872611605,2.999130541287371,1.7075701760979363,1.0,1.0,0,1,0,1,1,0,0,0,1,0,1,0,0,0,0,0,0,0,0,0,0,0,1,0,0,1,0
3.6221103603612197,0.0,2.0644579892269186,1.0,1.0,0,1,0,1,1,0,0,0,0,1,1,0,0,0,0,0,0,0,1,0,0,0,0,0,0,1,0
3.24551266781415,3.549248556854056,2.12057393120585,1.0,1.0,0,1,0,1,1,0,0,0,1,0,1,0,0,0,0,0,0,0,0,0,0,0,1,0,0,1,0
3.632356046239073,3.5137501500818233,2.1271047983648077,1.0,1.0,0,1,0,1,0,0,1,0,0,1,1,0,0,0,0,0,0,0,1,0,0,0,0,0,0,0,1
3.6852041344710145,3.580582876814367,2.1818435879447726,1.0,1.0,0,1,1,0,1,0,0,0,1,0,1,0,0,0,0,0,0,0,0,0,0,0,1,0,0,1,0
4.1351644666569545,0.0,2.1568867957542874,1.0,1.0,0,1,0,1,1,0,0,0,1,0,1,0,0,0,0,0,0,0,0,0,0,0,1,0,0,0,1
3.667733052533267,3.5543680009900878,2.1568867957542874,1.0,1.0,0,1,0,1,1,0,0,0,1,0,1,0,0,0,0,0,0,0,0,0,0,0,1,0,0,1,0
3.581722159949099,2.8779469516291885,2.2068258760318495,1.0,1.0,0,1,0,1,1,0,0,0,1,0,1,0,0,0,0,0,0,0,0,0,0,0,1,0,0,0,1
3.4847268042986617,3.0132586652835167,2.0043213737826426,1.0,1.0,0,1,0,1,0,1,0,0,1,0,1,0,0,0,0,0,0,0,0,0,0,0,1,0,0,0,1
4.057590038670664,3.0519239160461065,2.3541084391474008,1.0,1.0,0,1,0,1,0,0,1,0,1,0,1,0,0,0,0,0,0,0,0,0,0,0,1,0,0,0,1
3.865340905624584,0.0,2.0827853703164503,1.0,0.0,0,1,1,0,1,0,0,0,0,1,1,0,0,0,0,0,0,0,0,0,0,0,1,0,1,0,0
3.5798978696031036,3.556423121371285,2.3364597338485296,0.0,0.0,0,1,0,1,0,0,1,0,1,0,1,0,0,0,0,0,0,0,0,0,0,0,1,0,0,0,1
3.3163897510731952,2.8779469516291885,1.9777236052888478,1.0,1.0,0,1,0,1,0,0,0,1,0,1,1,0,0,0,0,0,0,0,0,0,0,0,0,1,0,1,0
3.7256666603141784,0.0,2.1367205671564067,1.0,1.0,0,1,1,0,1,0,0,0,1,0,1,0,0,0,0,0,0,0,0,0,0,0,1,0,0,0,1
3.4668676203541096,3.3681008517093516,2.146128035678238,1.0,1.0,1,0,0,1,1,0,0,0,1,0,1,0,0,0,0,0,0,0,0,0,0,0,1,0,0,1,0
3.55303301620244,3.6143698395482886,2.184691430817599,0.0,0.0,0,1,0,1,1,0,0,0,0,1,1,0,0,0,0,0,0,0,0,0,0,0,1,0,1,0,0
3.872272846224205,0.0,2.1568867957542874,1.0,1.0,1,0,1,0,0,1,0,0,1,0,0,1,0,0,0,0,0,0,0,0,0,0,1,0,0,1,0
3.7033773685123497,0.0,2.0755469613925306,1.0,1.0,0,1,1,0,1,0,0,0,1,0,1,0,0,0,0,0,0,0,0,0,0,0,1,0,0,1,0
4.16387665564692,0.0,2.2695129442179165,1.0,1.0,0,1,0,1,0,1,0,0,1,0,1,0,0,0,0,0,0,0,1,0,0,0,0,0,1,0,0
3.500785172917456,3.3586960995738107,2.1903316981702914,1.0,1.0,1,0,0,1,1,0,0,0,1,0,1,0,0,0,0,0,0,0,0,0,0,0,1,0,0,1,0
3.3453737305590883,3.1458177144918276,1.9344984512435677,1.0,1.0,0,1,0,1,0,1,0,0,1,0,1,0,0,0,0,0,0,0,0,0,0,0,1,0,0,0,1
3.745777217889759,3.3310221710418286,2.24551266781415,1.0,0.0,0,1,0,1,1,0,0,0,1,0,1,0,0,0,0,0,0,0,0,0,0,0,1,0,1,0,0
4.017409008536211,0.0,2.4149733479708178,1.0,1.0,1,0,1,0,1,0,0,0,1,0,1,0,0,0,0,0,0,0,0,0,0,0,1,0,0,0,1
3.753429841575423,3.426185825244511,2.2576785748691846,1.0,1.0,0,1,0,1,1,0,0,0,1,0,1,0,0,0,0,0,0,0,0,0,0,0,1,0,1,0,0
3.619823500457278,0.0,1.6532125137753437,1.0,1.0,1,0,1,0,1,0,0,0,1,0,1,0,0,0,0,0,0,0,0,0,0,0,1,0,0,1,0
3.330007700872759,3.9533246963891853,2.1398790864012365,0.0,1.0,1,0,1,0,1,0,0,0,1,0,1,0,0,0,0,0,0,0,0,0,0,0,1,0,0,1,0
3.4709981696608736,0.0,1.9138138523837167,1.0,1.0,0,1,0,1,0,0,1,0,1,0,1,0,0,0,0,0,0,0,0,0,0,0,1,0,0,1,0
3.6335694425540916,3.3042750504771283,2.290034611362518,1.0,1.0,0,1,0,1,1,0,0,0,0,1,1,0,0,0,0,0,0,0,0,0,0,0,1,0,1,0,0
3.5673793076509788,0.0,1.9731278535996986,1.0,1.0,1,0,1,0,1,0,0,0,1,0,1,0,0,0,0,0,0,0,0,0,0,0,1,0,1,0,0
4.376649941592757,0.0,2.569373909615046,1.0,1.0,0,1,0,1,0,0,0,1,1,0,1,0,0,0,0,0,0,0,0,0,0,0,1,0,1,0,0
3.5872618496925344,3.215108581053093,2.1568867957542874,1.0,1.0,0,1,1,0,1,0,0,0,1,0,1,0,0,0,0,0,0,0,0,0,0,0,1,0,1,0,0
4.021767972682406,3.585573518622731,2.2068258760318495,0.0,0.0,0,1,0,1,0,1,0,0,1,0,0,1,0,0,0,0,0,0,1,0,0,0,0,0,0,0,1
3.7839750034126713,3.4099331233312946,2.2624510897304293,1.0,0.0,0,1,0,1,1,0,0,0,1,0,1,0,0,0,0,0,0,0,0,0,0,0,1,0,1,0,0
4.30464129829467,0.0,2.813580988568192,1.0,1.0,0,1,1,0,1,0,0,0,1,0,0,1,0,0,0,0,0,0,0,0,0,0,0,1,0,0,1
3.3042750504771283,3.285557309007774,1.8750612633917,1.0,1.0,0,1,1,0,1,0,0,0,1,0,1,0,0,0,0,0,0,0,0,0,0,0,1,0,0,0,1
3.4344092075875,0.0,1.8512583487190752,1.0,1.0,0,1,1,0,1,0,0,0,1,0,1,0,0,0,0,0,0,0,0,0,0,0,1,0,0,1,0
3.5390760987927767,0.0,1.414973347970818,1.0,1.0,0,1,0,1,1,0,0,0,1,0,0,1,0,0,0,0,0,1,0,0,0,0,0,0,0,1,0
3.6898414091375047,0.0,2.012837224705172,1.0,1.0,0,1,1,0,1,0,0,0,1,0,1,0,0,0,0,0,0,0,0,0,0,0,1,0,0,1,0
3.6021685513789974,3.8893577368889316,2.4638929889859074,1.0,0.0,0,1,0,1,0,0,0,1,1,0,1,0,0,0,0,0,0,0,0,0,0,0,1,0,0,1,0
3.6612446089593336,0.0,1.9294189257142926,1.0,0.0,1,0,0,1,1,0,0,0,1,0,1,0,0,0,0,0,0,0,0,0,0,0,1,0,1,0,0
3.5207454715194824,3.5441921107650325,1.9493900066449128,1.0,1.0,0,1,0,1,0,0,1,0,1,0,0,1,0,0,0,0,0,0,0,0,0,0,1,0,0,0,1
4.176091259055681,0.0,2.385606273598312,0.0,0.0,0,1,1,0,1,0,0,0,1,0,1,0,0,0,0,0,0,0,0,0,0,0,1,0,0,1,0
3.623352681537992,3.1556396337597765,2.113943352306837,1.0,0.0,0,1,0,1,0,0,1,0,0,1,1,0,0,0,0,0,0,0,0,0,0,0,1,0,1,0,0
3.7026889681591335,3.3188977146274867,2.2695129442179165,1.0,0.0,0,1,0,1,0,0,1,0,1,0,1,0,0,0,0,0,0,0,0,0,0,0,1,0,1,0,0
3.7338390006971496,0.0,2.2278867046136734,1.0,1.0,0,1,1,0,1,0,0,0,1,0,1,0,0,0,0,0,0,0,0,0,0,0,1,0,0,0,1
3.842047288509638,0.0,2.24551266781415,1.0,1.0,0,1,1,0,1,0,0,0,1,0,0,1,0,0,0,0,0,0,1,0,0,0,0,0,0,1,0
3.431202884556517,3.3085644135612386,2.089905111439398,1.0,1.0,0,1,0,1,1,0,0,0,1,0,1,0,0,0,0,0,0,0,0,0,0,0,1,0,0,1,0
4.070333455853063,0.0,2.27415784926368,1.0,1.0,0,1,0,1,0,0,1,0,1,0,1,0,0,0,0,0,0,0,1,0,0,0,0,0,0,0,1
3.3675422735205767,3.651956069533074,2.0043213737826426,1.0,1.0,1,0,0,1,1,0,0,0,1,0,1,0,0,0,0,0,0,0,0,0,0,0,1,0,0,1,0
4.172223341427753,0.0,1.8512583487190752,1.0,1.0,1,0,0,1,0,0,1,0,1,0,1,0,0,0,0,0,0,0,0,0,0,0,1,0,0,0,1
3.187238619831479,3.154119525515847,1.4913616938342726,1.0,1.0,0,1,0,1,0,1,0,0,1,0,1,0,0,0,0,0,0,0,0,0,0,0,1,0,0,0,1
4.000043427276863,3.2219355998280053,2.3541084391474008,1.0,0.0,1,0,1,0,1,0,0,0,1,0,1,0,0,0,0,0,0,0,0,0,0,0,1,0,1,0,0
3.686725621074542,2.919601023784111,2.100370545117563,1.0,1.0,0,1,0,1,1,0,0,0,1,0,1,0,0,0,0,0,0,0,0,0,0,0,1,0,0,1,0
3.797821311364024,0.0,2.0755469613925306,0.0,0.0,0,1,1,0,1,0,0,0,1,0,1,0,0,0,0,0,0,0,0,0,0,0,1,0,1,0,0
3.4112829130173843,3.574147064150723,2.184691430817599,1.0,1.0,0,1,0,1,1,0,0,0,1,0,0,1,0,0,0,0,0,0,0,0,0,0,1,0,1,0,0
3.962227231350085,0.0,2.3891660843645326,1.0,0.0,0,1,1,0,1,0,0,0,1,0,1,0,0,0,0,0,0,0,0,0,0,0,1,0,0,0,1
3.358315640082196,0.0,2.0569048513364727,1.0,0.0,0,1,0,1,0,0,1,0,0,1,1,0,0,0,0,0,0,0,0,0,0,0,1,0,1,0,0
3.512550992904211,0.0,1.7075701760979363,1.0,1.0,0,1,1,0,1,0,0,0,1,0,1,0,0,0,0,0,0,0,0,0,0,0,1,0,0,0,1
4.6020599913279625,0.0,2.7788744720027396,0.0,1.0,0,1,0,1,0,0,0,1,1,0,1,0,0,0,0,0,0,0,1,0,0,0,0,0,0,1,0
3.7782236267660965,0.0,2.2068258760318495,1.0,1.0,0,1,0,1,0,1,0,0,1,0,1,0,0,0,0,0,0,0,0,0,0,0,1,0,1,0,0
3.9795028487874013,0.0,2.27415784926368,1.0,1.0,0,1,0,1,0,1,0,0,1,0,1,0,0,0,0,0,0,0,0,0,0,0,1,0,0,0,1
3.4743619760326307,3.3188977146274867,2.0827853703164503,1.0,1.0,0,1,1,0,1,0,0,0,1,0,1,0,0,0,0,0,0,0,0,0,0,0,1,0,1,0,0
3.6612446089593336,3.750199727829182,2.4082399653118496,1.0,1.0,0,1,0,1,1,0,0,0,1,0,1,0,0,0,0,0,0,0,0,0,0,0,1,0,0,1,0
3.2704459080179626,3.0178677189635055,1.99563519459755,1.0,1.0,0,1,0,1,1,0,0,0,0,1,1,0,0,0,0,0,0,0,0,0,0,0,1,0,0,1,0
3.899492196138132,0.0,2.4409090820652177,1.0,0.0,0,1,0,1,1,0,0,0,1,0,1,0,0,0,0,0,0,0,0,0,0,0,1,0,0,0,1
3.4899584794248346,3.1075491297446862,2.0863598306747484,0.0,0.0,0,1,0,1,0,1,0,0,1,0,1,0,0,0,0,0,0,0,0,0,0,0,1,0,0,1,0
3.619927710291468,3.1607685618611283,2.2013971243204513,1.0,1.0,0,1,0,1,0,0,1,0,1,0,1,0,0,0,0,0,0,0,0,0,0,0,1,0,1,0,0
3.969602264848539,0.0,1.8808135922807914,1.0,1.0,0,1,0,1,1,0,0,0,1,0,1,0,0,0,0,0,0,0,1,0,0,0,0,0,0,0,1
3.5691397254724593,3.500648063371912,2.2624510897304293,1.0,1.0,0,1,0,1,1,0,0,0,1,0,1,0,0,0,0,0,0,0,0,0,0,0,1,0,1,0,0
3.6612446089593336,0.0,2.0530784434834195,1.0,0.0,1,0,0,1,1,0,0,0,1,0,1,0,0,0,0,0,0,0,0,0,0,0,1,0,1,0,0
3.387389826338729,3.5229655954919865,2.113943352306837,1.0,1.0,0,1,0,1,1,0,0,0,1,0,1,0,0,0,0,0,0,0,0,0,0,0,1,0,1,0,0
3.3498600821923312,0.0,1.806179973983887,0.0,0.0,0,1,1,0,1,0,0,0,1,0,1,0,0,0,0,0,0,0,0,0,0,0,0,1,0,1,0
3.9031442704095385,0.0,2.303196057420489,1.0,1.0,0,1,0,1,0,0,1,0,1,0,1,0,0,0,0,0,0,0,0,0,0,0,1,0,0,1,0
3.26030994579492,3.247973266361807,1.9822712330395684,1.0,1.0,0,1,0,1,1,0,0,0,0,1,1,0,0,0,0,0,0,0,0,0,0,0,1,0,1,0,0
4.714027828534035,0.0,2.8457180179666586,1.0,1.0,0,1,0,1,0,0,0,1,1,0,1,0,0,0,0,0,0,0,0,0,1,0,0,0,0,0,1
3.5469126431812423,0.0,1.9138138523837167,1.0,0.0,0,1,0,1,0,0,0,1,0,1,1,0,0,0,0,0,0,0,1,0,0,0,0,0,1,0,0
3.756560043006683,3.750199727829182,2.27415784926368,1.0,1.0,0,1,0,1,1,0,0,0,1,0,1,0,0,0,0,0,0,0,0,0,0,0,1,0,0,1,0
3.6379897807846855,2.8674674878590514,1.9444826721501687,1.0,0.0,0,1,0,1,1,0,0,0,0,1,0,1,0,0,0,0,0,0,0,0,0,0,1,0,0,1,0
3.543819805142658,3.2933625547114453,2.0681858617461617,1.0,1.0,0,1,0,1,1,0,0,0,1,0,1,0,0,0,0,0,0,0,0,0,0,0,1,0,1,0,0
3.3109056293761414,3.2095150145426308,2.0086001717619175,1.0,1.0,0,1,0,1,0,0,1,0,1,0,1,0,0,0,0,0,0,0,0,0,0,0,1,0,1,0,0
3.74170298395774,4.05311687492293,2.6954816764901977,0.0,0.0,0,1,0,1,0,0,0,1,1,0,1,0,0,0,0,0,0,0,0,0,0,0,1,0,0,1,0
3.574147064150723,0.0,2.0681858617461617,1.0,1.0,0,1,0,1,0,1,0,0,1,0,1,0,0,0,0,0,0,0,0,0,0,0,1,0,0,1,0
3.3681008517093516,3.161966616364075,2.012837224705172,0.0,0.0,0,1,1,0,1,0,0,0,0,1,1,0,0,0,0,0,0,0,0,0,0,0,0,1,0,0,1
3.8062478271957905,3.860397905127313,2.2576785748691846,0.0,0.0,0,1,0,1,0,1,0,0,1,0,1,0,0,0,0,0,0,0,0,0,0,0,1,0,0,0,1
3.2826221128780624,3.7044936970092985,1.8325089127062364,1.0,0.0,0,1,1,0,1,0,0,0,1,0,1,0,0,0,0,0,0,0,0,0,0,0,1,0,1,0,0
3.6628522332647964,0.0,1.8692317197309762,1.0,1.0,0,1,0,1,1,0,0,0,1,0,1,0,0,0,0,0,0,0,1,0,0,0,0,0,0,1,0
4.529520181405683,0.0,2.416640507338281,1.0,0.0,0,1,0,1,0,1,0,0,1,0,1,0,0,0,0,0,0,0,0,0,0,0,1,0,0,1,0
3.5594277997594896,0.0,2.037426497940624,1.0,1.0,1,0,0,1,1,0,0,0,1,0,1,0,0,0,0,0,0,0,0,0,0,0,1,0,0,1,0
4.592709579646817,3.6767850304192056,2.0827853703164503,1.0,1.0,0,1,0,1,1,0,0,0,1,0,0,1,0,0,0,0,0,0,0,0,0,0,1,0,0,1,0
3.3382572302462554,0.0,1.8260748027008264,0.0,0.0,0,1,0,1,0,1,0,0,1,0,0,1,0,0,0,0,0,0,0,0,1,0,0,0,1,0,0
3.377306251068199,3.330210784571528,1.7708520116421442,1.0,1.0,0,1,0,1,1,0,0,0,1,0,1,0,0,0,0,0,0,0,0,0,0,0,1,0,1,0,0
2.829303772831025,3.7240299729355977,2.2278867046136734,1.0,1.0,0,1,0,1,1,0,0,0,1,0,0,1,0,0,0,0,0,0,0,0,0,0,1,0,1,0,0
3.9698350930757975,0.0,2.2764618041732443,1.0,1.0,0,1,0,1,1,0,0,0,1,0,1,0,0,0,0,0,0,0,1,0,0,0,0,0,1,0,0
3.688953462637418,0.0,1.6901960800285136,1.0,1.0,0,1,1,0,1,0,0,0,0,1,1,0,0,0,0,0,0,0,0,0,0,0,1,0,1,0,0
4.079217435746567,0.0,2.2174839442139063,1.0,0.0,0,1,1,0,1,0,0,0,1,0,1,0,0,0,0,0,0,0,0,0,0,0,1,0,0,1,0
3.7806053058389697,0.0,2.2068258760318495,1.0,0.0,0,1,0,1,1,0,0,0,0,1,1,0,0,0,0,0,0,0,0,0,0,0,1,0,0,0,1
3.5864747785713966,0.0,1.8864907251724818,1.0,1.0,0,1,1,0,1,0,0,0,1,0,1,0,0,0,0,0,0,0,0,0,0,0,1,0,0,1,0
3.6224212739756703,0.0,2.0827853703164503,1.0,1.0,0,1,1,0,1,0,0,0,1,0,1,0,0,0,0,0,0,0,0,0,0,0,1,0,1,0,0
3.494988973683168,3.4122925093230463,2.2329961103921536,1.0,0.0,0,1,0,1,0,1,0,0,1,0,1,0,0,0,0,0,0,0,0,0,0,0,1,0,0,1,0
3.9208534961212593,3.574147064150723,2.27415784926368,1.0,1.0,0,1,1,0,1,0,0,0,1,0,1,0,0,0,0,0,0,0,0,0,0,0,1,0,1,0,0
3.2805783703680764,3.3740147402919116,2.0827853703164503,1.0,1.0,1,0,1,0,1,0,0,0,0,1,1,0,0,0,0,0,0,0,0,0,0,0,1,0,0,0,1
3.5336449787987627,3.4497868469857735,2.0569048513364727,1.0,1.0,1,0,0,1,1,0,0,0,1,0,1,0,0,0,0,0,0,0,0,0,0,0,1,0,0,1,0
4.041432164680265,0.0,1.9242792860618816,1.0,0.0,0,1,1,0,1,0,0,0,1,0,0,1,0,0,0,0,0,0,0,0,0,0,1,0,0,0,1
3.4151403521958725,3.3981136917305026,1.9590413923210936,1.0,1.0,0,1,0,1,0,1,0,0,0,1,1,0,0,0,0,0,0,0,0,0,0,0,1,0,0,1,0
3.6923180442592787,0.0,2.2227164711475833,0.0,1.0,0,1,1,0,0,0,1,0,1,0,1,0,0,0,0,0,0,0,0,0,0,0,1,0,0,1,0
3.6012993101943374,0.0,2.1568867957542874,1.0,0.0,0,1,0,1,0,0,0,1,0,1,1,0,0,0,0,0,0,0,1,0,0,0,0,0,0,0,1
3.5441921107650325,3.0350292822023683,2.1335389083702174,1.0,1.0,0,1,0,1,0,1,0,0,0,1,1,0,0,0,0,0,0,0,0,0,0,0,1,0,0,0,1
3.5930644316587177,0.0,2.0969100130080562,1.0,1.0,0,1,0,1,0,0,1,0,0,1,1,0,0,0,0,0,0,0,0,0,0,0,1,0,0,1,0
3.6443400988263224,0.0,2.0827853703164503,1.0,1.0,1,0,1,0,1,0,0,0,0,1,1,0,0,0,0,0,0,0,0,0,0,0,1,0,0,1,0
3.511214701136388,0.0,1.9084850188786497,1.0,1.0,1,0,1,0,1,0,0,0,1,0,1,0,0,0,0,0,0,0,0,0,0,0,1,0,0,0,1
3.5994463757252757,3.4034637013453173,1.7481880270062005,1.0,1.0,0,1,1,0,1,0,0,0,0,1,1,0,0,0,0,0,0,0,0,0,0,0,1,0,1,0,0
3.3944516808262164,0.0,1.7781512503836436,1.0,1.0,0,1,1,0,1,0,0,0,1,0,1,0,0,0,0,0,0,0,0,0,0,0,1,0,0,0,1
3.5338991007965945,0.0,2.1072099696478683,1.0,0.0,0,1,1,0,1,0,0,0,1,0,1,0,0,0,0,0,0,0,0,0,0,0,1,0,0,1,0
4.000043427276863,0.0,2.3324384599156054,1.0,0.0,1,0,1,0,1,0,0,0,1,0,1,0,0,0,0,0,0,0,0,0,0,0,1,0,0,1,0
3.5354207180561734,3.09725730969342,2.110589710299249,0.0,0.0,0,1,0,1,0,0,0,1,1,0,1,0,0,0,0,0,0,0,0,0,0,0,1,0,0,1,0
3.8914259428479943,0.0,2.3820170425748683,1.0,1.0,0,1,0,1,0,1,0,0,1,0,0,1,0,0,0,0,0,0,0,0,0,0,1,0,0,0,1
3.756179516843809,0.0,2.1172712956557644,1.0,1.0,0,1,0,1,0,0,0,1,0,1,0,1,0,0,0,0,0,0,0,0,0,0,1,0,1,0,0
3.5016069224188295,3.4802944600030066,2.1398790864012365,1.0,1.0,0,1,0,1,1,0,0,0,1,0,1,0,0,0,0,0,0,0,0,0,0,0,1,0,0,0,1
3.585573518622731,2.9929950984313414,2.0043213737826426,1.0,1.0,0,1,0,1,0,0,0,1,0,1,1,0,0,0,0,0,0,0,0,0,0,0,1,0,0,1,0
2.1789769472931693,3.2555137128195333,2.1335389083702174,1.0,0.0,0,1,0,1,1,0,0,0,1,0,1,0,0,0,0,0,0,0,0,0,0,0,1,0,1,0,0
3.571475903681944,3.249442961442582,2.12057393120585,1.0,1.0,0,1,0,1,1,0,0,0,1,0,1,0,0,0,0,0,0,0,0,0,0,0,1,0,0,1,0
3.699056854547668,0.0,1.863322860120456,0.0,0.0,0,1,0,1,0,0,1,0,1,0,1,0,0,0,0,0,0,0,0,0,0,0,1,0,0,1,0
3.631849462159818,3.377306251068199,2.1072099696478683,1.0,1.0,1,0,0,1,0,0,1,0,1,0,1,0,0,0,0,0,0,0,0,0,0,0,1,0,0,1,0
3.346744054604849,0.0,1.7853298350107671,0.0,0.0,0,1,0,1,1,0,0,0,1,0,1,0,0,0,0,0,0,0,0,0,0,0,1,0,0,0,1
3.603144372620182,3.2350231594952237,2.0681858617461617,1.0,1.0,0,1,0,1,0,0,1,0,1,0,1,0,0,0,0,0,0,0,0,0,0,0,1,0,0,1,0
3.4730488050885375,3.4459154139511234,2.161368002234975,1.0,1.0,0,1,1,0,1,0,0,0,1,0,1,0,0,0,0,0,0,0,0,0,0,0,1,0,0,1,0
3.879611907065851,3.004751155591001,2.24551266781415,1.0,1.0,0,1,0,1,1,0,0,0,1,0,1,0,0,0,0,0,0,0,0,0,0,0,1,0,0,1,0
3.7959494989028033,0.0,2.110589710299249,1.0,1.0,0,1,0,1,1,0,0,0,1,0,1,0,0,0,0,0,0,0,0,0,0,0,1,0,0,1,0
3.5120169694961265,0.0,2.2329961103921536,1.0,0.0,0,1,0,1,1,0,0,0,1,0,1,0,0,0,0,0,0,0,0,0,0,0,1,0,1,0,0
3.6754116937148633,0.0,2.143014800254095,1.0,0.0,0,1,0,1,1,0,0,0,0,1,0,1,0,0,0,0,0,0,0,0,0,0,1,0,0,0,1
3.7959494989028033,3.229425847920695,2.3242824552976926,1.0,1.0,0,1,0,1,0,0,1,0,1,0,1,0,0,0,0,0,0,0,0,0,0,0,1,0,0,1,0
3.6775157047987577,0.0,2.2013971243204513,1.0,1.0,0,1,0,1,1,0,0,0,1,0,1,0,0,0,0,0,0,0,0,0,0,0,0,1,0,1,0
3.8062478271957905,0.0,2.303196057420489,1.0,1.0,0,1,1,0,1,0,0,0,1,0,0,1,0,0,0,0,0,0,0,0,0,0,1,0,1,0,0
3.396548037987132,3.312811826212088,2.0211892990699383,1.0,1.0,0,1,0,1,0,1,0,0,1,0,1,0,0,0,0,0,0,0,0,0,0,0,1,0,0,1,0
3.570192561095726,0.0,1.6334684555795864,1.0,1.0,0,1,0,1,1,0,0,0,1,0,1,0,0,0,0,0,0,0,1,0,0,0,0,0,1,0,0
3.503790683057181,3.4148062795010126,2.0827853703164503,1.0,1.0,0,1,1,0,1,0,0,0,0,1,1,0,0,0,0,0,0,0,0,0,0,0,1,0,1,0,0
3.9208534961212593,0.0,2.44870631990508,1.0,1.0,1,0,1,0,1,0,0,0,1,0,1,0,0,0,0,0,0,0,0,0,0,0,1,0,0,1,0
3.4991369945373827,3.250420002308894,2.1492191126553797,1.0,1.0,0,1,0,1,0,1,0,0,1,0,1,0,0,0,0,0,0,0,0,0,0,0,1,0,0,1,0
3.740441644949766,3.1007150865730817,2.2329961103921536,1.0,1.0,0,1,0,1,0,1,0,0,1,0,1,0,0,0,0,0,0,0,0,0,0,0,1,0,1,0,0
3.7594411971336976,0.0,2.4082399653118496,1.0,0.0,0,1,0,1,1,0,0,0,1,0,1,0,0,0,0,0,0,0,0,0,0,0,1,0,0,0,1
3.539577883345309,0.0,2.089905111439398,1.0,1.0,1,0,1,0,1,0,0,0,1,0,0,1,0,0,0,0,0,0,0,0,0,0,1,0,0,0,1
3.5812668052736707,0.0,2.0530784434834195,1.0,1.0,1,0,1,0,0,1,0,0,1,0,1,0,0,0,0,0,0,0,0,0,0,0,1,0,1,0,0
3.520614521878236,0.0,1.9867717342662448,1.0,1.0,0,1,0,1,0,1,0,0,1,0,1,0,0,0,0,0,0,0,0,0,0,0,1,0,0,1,0
3.7649229846498886,3.699056854547668,2.0827853703164503,1.0,1.0,0,1,0,1,0,0,1,0,1,0,1,0,0,0,0,0,0,0,0,0,0,0,1,0,1,0,0
3.3998467127129226,3.2975416678181597,2.1492191126553797,1.0,0.0,0,1,0,1,0,1,0,0,0,1,1,0,0,0,0,0,0,0,1,0,0,0,0,0,0,0,1
3.472171146692363,3.756027212973441,2.1931245983544616,1.0,1.0,0,1,1,0,1,0,0,0,1,0,1,0,0,0,0,1,0,0,0,0,0,0,0,0,0,0,1
3.7959494989028033,3.1142772965615864,2.037426497940624,1.0,1.0,0,1,0,1,0,0,1,0,1,0,0,1,0,0,0,0,0,0,0,0,0,0,1,0,1,0,0
3.5323721335678773,3.6452257115354163,2.093421685162235,1.0,1.0,0,1,0,1,1,0,0,0,0,1,1,0,0,0,0,0,0,0,0,0,0,0,1,0,0,1,0
3.781827152932428,3.636888906983799,2.0827853703164503,1.0,0.0,0,1,1,0,1,0,0,0,1,0,0,1,0,0,0,0,0,0,1,0,0,0,0,0,0,0,1
3.9869507878585164,0.0,2.0530784434834195,1.0,1.0,0,1,0,1,0,0,1,0,1,0,1,0,0,0,0,0,0,0,0,0,0,0,1,0,0,0,1
3.82013575187043,0.0,2.1398790864012365,1.0,1.0,0,1,0,1,0,1,0,0,0,1,1,0,0,0,0,0,0,0,1,0,0,0,0,0,0,0,1
3.459844642388208,3.2657609167176105,2.093421685162235,1.0,1.0,0,1,0,1,0,1,0,0,1,0,1,0,0,0,0,0,0,0,0,0,0,0,0,1,0,1,0
3.2576785748691846,3.271609301378832,1.9590413923210936,1.0,1.0,0,1,0,1,1,0,0,0,1,0,1,0,0,0,0,0,0,0,0,0,0,0,1,0,0,0,1
3.222456336679247,3.5900612308037427,2.305351369446624,0.0,0.0,0,1,0,1,1,0,0,0,0,1,1,0,0,0,0,0,0,0,0,0,0,0,1,0,0,1,0
3.5350408132511606,0.0,2.143014800254095,1.0,0.0,1,0,1,0,0,0,1,0,1,0,1,0,0,0,0,0,0,0,0,0,0,0,1,0,0,0,1
3.4122925093230463,3.336059277866349,2.0211892990699383,1.0,1.0,0,1,1,0,1,0,0,0,0,1,0,1,0,0,0,0,0,0,0,0,0,0,1,0,1,0,0
3.4252080511386565,3.851380667965597,2.4471580313422194,1.0,1.0,0,1,0,1,0,1,0,0,0,1,1,0,0,0,0,0,0,0,1,0,0,0,0,0,0,1,0
4.2108800903068655,0.0,2.285557309007774,0.0,0.0,0,1,1,0,1,0,0,0,1,0,0,1,0,0,0,0,0,0,0,0,0,0,1,0,0,0,1
3.4891143693789193,0.0,2.4082399653118496,1.0,1.0,1,0,1,0,0,0,0,1,1,0,1,0,0,0,0,0,0,0,0,0,0,0,1,0,1,0,0
3.781468142841798,0.0,2.0644579892269186,0.0,0.0,0,1,1,0,1,0,0,0,0,1,1,0,0,0,0,0,0,0,0,0,0,0,1,0,1,0,0
3.720242018287057,0.0,1.9777236052888478,1.0,0.0,0,1,0,1,0,0,0,1,1,0,1,0,0,0,0,0,0,0,0,0,0,0,1,0,0,0,1
4.166844375831949,3.3224260524059526,2.484299839346786,1.0,0.0,0,1,0,1,1,0,0,0,1,0,1,0,0,0,0,0,0,0,0,0,0,0,1,0,1,0,0
3.693023067923694,0.0,2.110589710299249,1.0,0.0,0,1,0,1,0,0,0,1,0,1,1,0,0,0,0,0,0,0,0,0,0,0,1,0,0,1,0
3.7841892053809607,3.628491104967123,2.519827993775719,1.0,1.0,0,1,0,1,0,1,0,0,1,0,1,0,0,0,0,0,0,0,0,0,0,0,1,0,0,0,1
3.3140779917792127,3.3443922736851106,2.130333768495006,1.0,1.0,0,1,1,0,1,0,0,0,1,0,1,0,0,0,0,0,0,0,0,0,0,0,1,0,0,1,0
3.5418287667813124,0.0,2.1931245983544616,1.0,0.0,1,0,1,0,0,1,0,0,1,0,1,0,0,0,1,0,0,0,0,0,0,0,0,0,0,1,0
3.8573928109209015,0.0,2.0827853703164503,1.0,1.0,1,0,1,0,1,0,0,0,1,0,1,0,0,0,0,0,0,0,0,0,0,0,1,0,1,0,0
3.7132384615456617,0.0,2.110589710299249,1.0,1.0,0,1,1,0,1,0,0,0,1,0,0,1,0,0,0,0,0,0,0,0,0,0,1,0,0,1,0
3.612359947967774,3.5375672571526753,2.1818435879447726,1.0,1.0,0,1,1,0,1,0,0,0,1,0,1,0,0,0,0,0,0,0,0,0,0,0,1,0,1,0,0
3.6729286904427223,3.142389466118836,2.1789769472931693,1.0,1.0,0,1,0,1,0,0,1,0,1,0,1,0,0,0,0,0,0,0,0,0,0,0,1,0,0,1,0
3.636888906983799,3.2581581933407944,2.2068258760318495,0.0,1.0,0,1,0,1,0,0,0,1,1,0,1,0,0,0,0,0,0,0,0,0,0,0,1,0,0,0,1
3.5338991007965945,0.0,2.1335389083702174,1.0,0.0,1,0,1,0,1,0,0,0,1,0,1,0,0,0,0,0,0,0,0,0,0,0,1,0,1,0,0
3.458939861890326,3.1934029030624176,1.9590413923210936,1.0,1.0,1,0,1,0,0,1,0,0,1,0,1,0,0,0,0,0,0,0,0,0,0,0,1,0,0,0,1
3.510276844417355,0.0,1.4913616938342726,1.0,1.0,1,0,1,0,1,0,0,0,1,0,1,0,0,0,0,0,0,0,0,0,0,0,1,0,0,0,1
4.047158001128309,0.0,2.1367205671564067,1.0,1.0,0,1,0,1,1,0,0,0,1,0,1,0,0,0,0,0,0,0,0,0,0,0,1,0,0,0,1
3.4523998459114416,3.269045709657623,2.103803720955957,1.0,1.0,0,1,1,0,1,0,0,0,1,0,1,0,0,0,0,0,0,0,0,0,0,0,1,0,1,0,0
3.4184670209466006,3.34713478291002,2.1789769472931693,1.0,1.0,0,1,0,1,1,0,0,0,1,0,1,0,0,0,0,0,0,0,0,0,0,0,1,0,0,1,0
3.5911759503117913,0.0,1.9590413923210936,1.0,1.0,0,1,0,1,0,0,1,0,1,0,1,0,0,0,0,0,0,0,0,0,0,0,1,0,0,1,0
3.4394905903896835,3.2655253352190736,2.0644579892269186,1.0,1.0,0,1,0,1,0,1,0,0,1,0,1,0,0,0,0,0,0,0,0,0,0,0,1,0,0,1,0
3.6014080605346837,3.515211304327802,2.3180633349627615,1.0,1.0,0,1,0,1,1,0,0,0,1,0,1,0,0,0,0,0,0,0,0,0,0,0,1,0,0,1,0
3.491921712586151,3.1142772965615864,1.9084850188786497,1.0,1.0,0,1,0,1,1,0,0,0,1,0,1,0,0,0,0,0,0,0,0,0,0,0,1,0,0,0,1
4.16387665564692,0.0,2.640481436970422,1.0,1.0,0,1,0,1,1,0,0,0,1,0,1,0,0,0,0,0,0,0,0,0,0,0,1,0,0,1,0
3.612889769287485,0.0,2.0969100130080562,1.0,1.0,1,0,0,1,1,0,0,0,0,1,1,0,0,0,0,0,0,0,0,0,0,0,1,0,1,0,0
3.60788374435699,3.385069776331935,2.2013971243204513,0.0,0.0,0,1,1,0,0,1,0,0,0,1,0,1,0,0,0,0,0,0,0,0,0,0,1,0,0,0,1
3.594171479114912,2.9036325160842376,2.0530784434834195,1.0,1.0,0,1,0,1,1,0,0,0,1,0,1,0,0,0,0,0,0,0,0,0,0,0,1,0,0,1,0
3.362105319293773,2.9942291354484314,1.8976270912904414,1.0,1.0,0,1,0,1,0,0,1,0,1,0,1,0,0,0,0,0,0,0,1,0,0,0,0,0,0,0,1
3.2581581933407944,3.2219355998280053,1.7403626894942439,1.0,1.0,1,0,1,0,1,0,0,0,1,0,1,0,0,0,0,0,0,0,0,0,0,0,1,0,0,0,1
4.315298452873624,0.0,2.1568867957542874,1.0,0.0,0,1,0,1,1,0,0,0,1,0,1,0,0,0,0,0,0,0,0,0,0,0,1,0,1,0,0
3.499549625905149,3.484869032720402,1.954242509439325,1.0,1.0,0,1,1,0,1,0,0,0,1,0,1,0,0,0,0,0,0,0,0,0,0,0,1,0,1,0,0
3.4151403521958725,3.2350231594952237,2.0,1.0,0.0,1,0,1,0,1,0,0,0,1,0,0,1,0,0,0,0,0,0,0,0,1,0,0,0,0,1,0
3.568788212315347,3.3012470886362113,2.0827853703164503,1.0,1.0,0,1,0,1,1,0,0,0,1,0,1,0,0,0,0,0,0,0,0,0,0,0,1,0,1,0,0
3.6154239528859438,0.0,2.0644579892269186,1.0,1.0,1,0,1,0,1,0,0,0,1,0,1,0,0,0,0,0,0,0,0,0,0,0,1,0,0,1,0
3.9781348473982896,0.0,2.27415784926368,1.0,1.0,0,1,1,0,1,0,0,0,1,0,1,0,0,0,0,0,0,0,0,0,0,0,1,0,1,0,0
3.4879863311293935,3.3832766504076504,2.146128035678238,1.0,1.0,0,1,0,1,1,0,0,0,1,0,1,0,0,0,0,0,0,0,0,0,0,0,1,0,1,0,0
3.643551368562945,0.0,2.1072099696478683,0.0,0.0,0,1,0,1,0,0,1,0,1,0,1,0,0,0,0,0,0,0,0,0,0,0,1,0,0,1,0
3.498861688992884,3.1934029030624176,2.130333768495006,1.0,1.0,0,1,0,1,0,0,1,0,1,0,1,0,0,0,0,0,0,0,0,0,0,0,1,0,0,0,1
3.7338390006971496,0.0,2.1583624920952498,0.0,0.0,1,0,1,0,1,0,0,0,1,0,1,0,0,0,0,0,0,0,0,0,0,0,0,1,0,0,1
3.377306251068199,3.523095838252568,2.2380461031287955,1.0,1.0,0,1,0,1,1,0,0,0,1,0,1,0,0,0,0,0,0,0,0,0,0,0,1,0,0,1,0
3.6451273992583912,3.09725730969342,2.0453229787866576,1.0,1.0,0,1,0,1,0,0,0,1,1,0,1,0,0,0,0,0,0,0,0,0,0,0,1,0,0,0,1
3.837335868015015,0.0,2.303196057420489,1.0,1.0,0,1,0,1,0,1,0,0,1,0,1,0,0,0,0,0,0,0,0,0,0,0,1,0,0,1,0
3.669037800885156,0.0,2.1335389083702174,1.0,1.0,1,0,0,1,0,1,0,0,1,0,1,0,0,0,0,0,0,0,0,0,0,0,1,0,0,0,1
3.699056854547668,3.4051755462179893,2.1818435879447726,1.0,0.0,1,0,1,0,1,0,0,0,1,0,1,0,0,0,0,0,0,0,0,0,0,0,0,1,1,0,0
3.3042750504771283,3.466274321789292,2.0569048513364727,1.0,0.0,0,1,0,1,0,1,0,0,1,0,1,0,0,0,0,0,0,0,0,0,0,0,1,0,0,0,1
3.2555137128195333,3.467608105583633,1.9731278535996986,0.0,0.0,0,1,0,1,1,0,0,0,0,1,1,0,0,0,0,0,0,0,0,0,0,0,1,0,0,0,1
3.458788881710845,3.243286146083446,2.0253058652647704,1.0,1.0,0,1,0,1,1,0,0,0,0,1,1,0,0,0,0,0,0,0,0,0,0,0,1,0,0,1,0
3.699056854547668,0.0,2.123851640967086,1.0,1.0,1,0,1,0,1,0,0,0,1,0,1,0,0,0,0,0,0,0,0,0,0,0,1,0,1,0,0
3.2111205412580492,3.256236533205923,1.9867717342662448,1.0,1.0,0,1,0,1,0,1,0,0,1,0,1,0,0,0,0,0,0,0,0,0,0,0,1,0,0,0,1
3.6021685513789974,3.3981136917305026,2.1492191126553797,1.0,1.0,0,1,1,0,1,0,0,0,1,0,1,0,0,0,0,0,0,0,0,0,0,0,1,0,1,0,0
3.3012470886362113,0.0,2.1568867957542874,1.0,0.0,0,1,1,0,1,0,0,0,0,1,1,0,0,0,0,0,0,0,0,0,0,0,1,0,0,0,1
3.575534218319864,3.2219355998280053,2.1335389083702174,1.0,1.0,1,0,1,0,1,0,0,0,1,0,1,0,0,0,0,0,0,0,0,0,0,0,1,0,1,0,0
3.3803921600570273,3.2704459080179626,2.0211892990699383,0.0,0.0,1,0,1,0,1,0,0,0,1,0,1,0,0,0,0,0,0,0,0,0,0,0,1,0,0,0,1
4.306081745657977,0.0,2.682145076373832,1.0,0.0,0,1,1,0,1,0,0,0,1,0,1,0,0,0,0,0,0,0,0,0,0,0,1,0,1,0,0
3.884682104206025,0.0,2.2695129442179165,1.0,1.0,0,1,0,1,0,0,1,0,0,1,1,0,0,0,0,0,0,0,0,0,0,0,1,0,1,0,0
3.4650852875574327,0.0,1.9294189257142926,1.0,1.0,1,0,1,0,1,0,0,0,1,0,1,0,0,0,0,0,0,0,0,0,0,0,1,0,0,1,0
3.4665710723863543,3.381295623003826,2.0492180226701815,1.0,1.0,0,1,1,0,1,0,0,0,0,1,1,0,0,0,0,0,0,0,0,0,0,0,1,0,0,1,0
3.399327532158679,0.0,1.7558748556724915,1.0,1.0,1,0,1,0,1,0,0,0,1,0,1,0,0,0,0,0,0,0,0,0,0,0,1,0,1,0,0
3.7594411971336976,0.0,2.161368002234975,1.0,1.0,0,1,0,1,0,0,1,0,1,0,0,1,0,0,0,0,1,0,0,0,0,0,0,0,1,0,0
3.393399695293102,3.2657609167176105,2.2041199826559246,1.0,0.0,0,1,0,1,1,0,0,0,1,0,1,0,0,0,0,0,0,0,0,0,0,0,1,0,1,0,0
3.531478917042255,3.215108581053093,2.0492180226701815,1.0,1.0,0,1,0,1,0,1,0,0,0,1,1,0,0,0,0,0,0,0,1,0,0,0,0,0,0,0,1
3.5703093854358796,0.0,2.0827853703164503,1.0,1.0,0,1,0,1,0,0,1,0,1,0,1,0,0,0,0,0,0,0,0,0,0,0,1,0,0,1,0
3.3136563466180315,3.329397879361043,1.9493900066449128,1.0,1.0,0,1,0,1,1,0,0,0,1,0,1,0,0,0,0,0,0,0,0,0,0,0,1,0,0,0,1
3.549248556854056,0.0,2.0530784434834195,1.0,1.0,1,0,1,0,0,1,0,0,1,0,1,0,0,0,0,0,0,0,0,0,0,0,1,0,0,1,0
4.000043427276863,0.0,2.1931245983544616,1.0,0.0,0,1,0,1,0,1,0,0,1,0,0,1,0,0,0,0,0,0,0,0,0,0,1,0,1,0,0
3.3803921600570273,3.336059277866349,2.0644579892269186,1.0,1.0,0,1,0,1,1,0,0,0,1,0,1,0,0,0,0,0,0,0,0,0,0,0,1,0,0,1,0
3.6377898293622293,2.278753600952829,2.0969100130080562,1.0,1.0,0,1,0,1,0,0,0,1,1,0,1,0,0,0,0,0,0,0,0,0,0,0,1,0,0,1,0
3.5565437084835145,3.2016701796465816,2.1568867957542874,1.0,1.0,0,1,0,1,0,0,1,0,0,1,1,0,0,0,0,0,0,0,0,0,0,0,1,0,1,0,0
3.500648063371912,3.4750898033890065,2.123851640967086,1.0,1.0,1,0,1,0,1,0,0,0,1,0,1,0,0,0,0,0,0,0,0,0,0,0,1,0,1,0,0
4.1761202110560856,0.0,2.4785664955938436,1.0,1.0,0,1,0,1,0,0,0,1,1,0,1,0,0,0,0,0,0,0,0,0,0,0,1,0,1,0,0
3.9378687965638592,3.697578033651113,2.576341350205793,0.0,0.0,0,1,0,1,0,1,0,0,1,0,0,1,0,0,0,0,0,0,0,0,0,0,1,0,1,0,0
3.6917885244026984,0.0,2.1172712956557644,0.0,1.0,0,1,1,0,1,0,0,0,1,0,1,0,0,0,0,0,0,0,0,0,0,0,1,0,1,0,0
3.7648483571934106,3.3346547668832414,2.2671717284030137,1.0,1.0,0,1,0,1,1,0,0,0,1,0,0,1,0,0,0,0,0,0,0,0,0,0,1,0,0,1,0
3.636888906983799,3.3895204658463776,2.0453229787866576,1.0,0.0,1,0,0,1,1,0,0,0,1,0,1,0,0,0,0,0,0,0,0,0,0,0,1,0,0,0,1
3.3981136917305026,0.0,1.8325089127062364,1.0,1.0,1,0,1,0,1,0,0,0,1,0,1,0,0,0,0,0,0,0,0,0,0,0,1,0,0,0,1
3.6419695977020594,3.2538224387080734,2.0718820073061255,1.0,1.0,0,1,1,0,0,1,0,0,1,0,1,0,0,0,0,0,0,0,0,0,0,0,1,0,0,0,1
3.467756051244033,0.0,1.99563519459755,1.0,1.0,0,1,1,0,1,0,0,0,1,0,1,0,0,0,0,0,0,0,0,0,0,0,1,0,0,1,0
3.4523998459114416,0.0,1.8573324964312685,1.0,1.0,0,1,1,0,1,0,0,0,1,0,1,0,0,0,0,0,0,0,0,0,0,0,1,0,0,0,1
4.8016643457002885,0.0,2.6910814921229687,1.0,1.0,0,1,0,1,1,0,0,0,1,0,1,0,0,0,0,0,0,0,1,0,0,0,0,0,0,0,1
3.992730203954143,3.263399331334002,2.2624510897304293,1.0,1.0,0,1,0,1,0,1,0,0,1,0,0,1,0,0,0,0,0,0,1,0,0,0,0,0,0,0,1
3.740678425227455,3.652343055062715,1.8512583487190752,1.0,1.0,0,1,0,1,1,0,0,0,1,0,0,1,0,0,0,0,0,0,0,0,0,0,1,0,0,1,0
3.720242018287057,2.8382192219076257,2.2068258760318495,1.0,1.0,0,1,0,1,0,1,0,0,1,0,1,0,0,0,0,0,0,0,0,0,0,0,1,0,1,0,0
3.3981136917305026,3.6628522332647964,2.247973266361807,1.0,1.0,0,1,0,1,0,0,1,0,1,0,0,1,0,0,0,0,0,0,0,0,0,0,1,0,1,0,0
3.2626883443016963,0.0,2.1568867957542874,0.0,0.0,1,0,1,0,0,0,0,1,0,1,1,0,0,0,0,0,0,0,0,0,0,0,1,0,0,0,1
3.6191977157929474,0.0,1.8573324964312685,1.0,1.0,1,0,1,0,1,0,0,0,1,0,1,0,0,0,0,0,0,0,0,0,0,0,1,0,0,1,0
3.422917980767662,3.2008504980910772,2.2405492482826,1.0,0.0,0,1,0,1,0,0,0,1,0,1,1,0,0,0,0,0,0,0,0,0,0,0,1,0,1,0,0
3.3763944420372662,0.0,1.6720978579357175,1.0,0.0,1,0,1,0,1,0,0,0,1,0,1,0,0,0,0,0,0,0,0,0,0,0,1,0,1,0,0
3.658488381309017,3.089905111439398,2.2013971243204513,1.0,1.0,0,1,0,1,0,1,0,0,0,1,1,0,0,0,0,0,0,0,0,0,0,0,1,0,0,0,1
3.5016069224188295,0.0,1.8750612633917,1.0,1.0,0,1,0,1,0,0,0,1,0,1,1,0,0,0,0,0,0,0,0,0,0,0,1,0,0,1,0
3.4122925093230463,3.3675422735205767,2.100370545117563,1.0,1.0,0,1,0,1,0,0,1,0,1,0,1,0,0,0,0,0,0,0,0,0,0,0,1,0,1,0,0
3.3979400086720375,3.390758528738717,2.2068258760318495,1.0,1.0,0,1,0,1,1,0,0,0,1,0,1,0,0,0,0,0,0,0,0,0,0,0,1,0,0,1,0
3.54703589974001,3.509336958017644,2.184691430817599,0.0,0.0,0,1,0,1,1,0,0,0,0,1,1,0,0,0,0,0,0,0,0,0,0,0,1,0,1,0,0
3.4891143693789193,3.336259552014193,2.103803720955957,1.0,1.0,0,1,0,1,0,0,1,0,0,1,1,0,0,0,0,0,0,0,0,0,0,0,1,0,0,0,1
3.801678059035893,3.6612446089593336,2.4149733479708178,1.0,1.0,0,1,0,1,1,0,0,0,1,0,1,0,0,0,0,0,0,0,0,0,0,0,1,0,0,1,0
3.4192947217534604,3.7959494989028033,2.27415784926368,1.0,1.0,0,1,0,1,1,0,0,0,1,0,1,0,0,0,0,0,0,0,0,0,0,0,1,0,1,0,0
3.9582771255476974,0.0,2.359835482339888,1.0,1.0,0,1,0,1,1,0,0,0,1,0,1,0,0,0,0,0,0,0,0,0,0,0,1,0,0,1,0
3.942057683841395,3.619927710291468,2.4899584794248346,1.0,0.0,0,1,1,0,1,0,0,0,1,0,1,0,0,0,0,0,0,0,0,0,0,0,1,0,1,0,0
3.4260230156898763,3.3188977146274867,1.9822712330395684,1.0,1.0,0,1,0,1,0,0,0,1,1,0,1,0,0,0,0,0,0,0,0,0,0,0,1,0,1,0,0
3.740441644949766,0.0,2.0253058652647704,0.0,0.0,1,0,0,1,1,0,0,0,1,0,0,1,0,0,0,0,0,0,0,0,0,0,1,0,1,0,0
3.3845326154942486,2.7041505168397992,2.1172712956557644,1.0,1.0,1,0,0,1,1,0,0,0,1,0,1,0,0,0,0,0,0,0,0,0,0,0,1,0,0,1,0
3.5813806887099866,0.0,2.0681858617461617,1.0,1.0,1,0,1,0,1,0,0,0,1,0,1,0,0,0,0,0,0,0,1,0,0,0,0,0,0,0,1
3.9208534961212593,3.500785172917456,2.220108088040055,1.0,1.0,0,1,0,1,0,0,1,0,1,0,1,0,0,0,0,0,0,0,0,0,0,0,1,0,1,0,0
3.5883837683787276,0.0,1.8325089127062364,1.0,0.0,0,1,0,1,0,1,0,0,1,0,1,0,0,0,0,0,0,0,0,0,0,0,1,0,0,0,1
3.477265995424853,3.2219355998280053,2.0043213737826426,0.0,0.0,0,1,0,1,1,0,0,0,0,1,1,0,0,0,0,0,0,0,0,0,0,0,0,1,0,0,1
3.7133225049870275,3.500785172917456,2.303196057420489,1.0,1.0,0,1,0,1,0,0,0,1,1,0,1,0,0,0,0,0,0,0,0,0,0,0,1,0,0,1,0
3.6743098889414774,0.0,1.9138138523837167,1.0,0.0,1,0,1,0,0,1,0,0,1,0,1,0,0,0,0,0,0,0,0,0,0,0,1,0,0,1,0
3.699056854547668,3.5644293269979834,2.374748346010104,1.0,1.0,0,1,0,1,0,0,1,0,1,0,1,0,0,0,0,0,0,0,0,0,0,0,1,0,0,1,0
3.6767850304192056,3.3681008517093516,2.1172712956557644,1.0,1.0,0,1,0,1,1,0,0,0,1,0,1,0,0,0,0,0,0,0,0,0,0,0,1,0,0,0,1
3.479143247978613,3.4820155764507117,1.9822712330395684,1.0,1.0,0,1,0,1,1,0,0,0,1,0,1,0,0,0,0,0,0,0,0,0,1,0,0,0,0,0,1
3.833975371279906,0.0,2.1522883443830563,1.0,1.0,0,1,1,0,1,0,0,0,1,0,0,1,0,0,0,0,0,0,0,0,0,0,1,0,1,0,0
3.793580867368156,0.0,2.1271047983648077,1.0,0.0,0,1,1,0,1,0,0,0,0,1,1,0,0,0,0,0,0,0,0,0,0,0,1,0,1,0,0
3.3981136917305026,0.0,1.9867717342662448,1.0,0.0,0,1,1,0,1,0,0,0,1,0,1,0,0,0,0,0,0,0,0,0,0,0,0,1,0,1,0
3.7096938697277917,0.0,2.0969100130080562,0.0,0.0,0,1,1,0,1,0,0,0,1,0,1,0,0,0,0,0,0,0,0,0,0,0,1,0,1,0,0
3.801129187579704,0.0,2.24551266781415,1.0,1.0,0,1,0,1,0,1,0,0,1,0,1,0,0,0,0,0,0,0,0,0,0,0,1,0,0,1,0
4.2951490965789185,3.721563318357481,2.756636108245848,1.0,0.0,0,1,0,1,1,0,0,0,1,0,1,0,0,0,0,0,0,0,0,0,0,0,1,0,1,0,0
4.197556213153536,0.0,1.7481880270062005,1.0,1.0,1,0,1,0,1,0,0,0,1,0,0,1,0,0,0,0,0,0,0,0,0,0,1,0,0,1,0
3.7148325124333326,0.0,2.1931245983544616,1.0,1.0,0,1,0,1,0,0,1,0,1,0,1,0,0,0,0,0,0,0,0,0,0,0,1,0,0,1,0
3.969602264848539,3.8961954104542107,2.5809249756756194,1.0,1.0,0,1,0,1,0,0,1,0,1,0,0,1,0,0,0,0,0,0,0,0,1,0,0,0,1,0,0
3.4861469968065726,3.2984163800612945,2.0492180226701815,0.0,0.0,0,1,1,0,0,1,0,0,1,0,1,0,0,0,0,0,0,0,1,0,0,0,0,0,0,0,1
3.441695135640717,3.164352855784437,2.0453229787866576,1.0,1.0,1,0,1,0,1,0,0,0,1,0,1,0,0,0,0,0,0,0,0,0,0,0,1,0,0,0,1
3.6828667956623247,2.9656719712201065,2.0827853703164503,1.0,1.0,0,1,0,1,1,0,0,0,1,0,1,0,0,0,0,0,0,0,1,0,0,0,0,0,0,0,1
3.942057683841395,3.698709349442587,2.1172712956557644,1.0,1.0,0,1,0,1,0,0,0,1,1,0,1,0,0,0,0,0,0,0,0,0,0,0,1,0,1,0,0
3.634578022853888,0.0,2.1172712956557644,1.0,1.0,0,1,0,1,1,0,0,0,1,0,1,0,0,0,0,0,0,0,0,0,0,0,1,0,0,1,0
3.4871383754771865,0.0,1.8573324964312685,1.0,0.0,0,1,1,0,1,0,0,0,1,0,1,0,0,0,0,0,0,0,0,0,0,0,0,1,0,0,1
3.7317498835272636,0.0,2.1172712956557644,1.0,1.0,0,1,0,1,0,0,1,0,1,0,1,0,0,0,0,0,0,0,0,0,0,0,1,0,0,0,1
3.5229655954919865,3.3981136917305026,2.110589710299249,1.0,1.0,0,1,0,1,1,0,0,0,1,0,1,0,0,0,0,0,0,0,0,0,0,0,1,0,0,1,0
3.773932647467645,3.6266482684740105,2.4727564493172123,1.0,1.0,0,1,1,0,1,0,0,0,1,0,1,0,0,0,0,0,0,0,0,0,0,0,1,0,0,1,0
3.7782236267660965,0.0,2.1958996524092336,1.0,1.0,1,0,1,0,1,0,0,0,1,0,1,0,0,0,0,0,0,0,0,0,0,0,1,0,0,0,1
3.8553979966540686,0.0,2.110589710299249,1.0,1.0,0,1,1,0,1,0,0,0,1,0,0,1,0,0,0,0,0,0,0,0,0,0,1,0,0,0,1
3.6596310116070008,0.0,2.0043213737826426,1.0,0.0,0,1,0,1,0,0,1,0,1,0,1,0,0,0,0,0,0,0,0,0,0,0,1,0,0,0,1
3.5644293269979834,0.0,2.0569048513364727,1.0,1.0,0,1,1,0,0,1,0,0,1,0,1,0,0,0,0,0,0,0,1,0,0,0,0,0,0,0,1
3.3705130895985924,3.2043913319193,2.123851640967086,1.0,1.0,0,1,1,0,1,0,0,0,0,1,1,0,0,0,0,0,0,0,0,0,0,0,1,0,0,1,0
3.4787107555127594,3.496514518697745,2.1568867957542874,0.0,0.0,0,1,0,1,1,0,0,0,0,1,1,0,0,0,0,0,0,0,0,0,0,0,1,0,0,0,1
3.3681008517093516,3.383456296524753,2.1367205671564067,1.0,1.0,0,1,0,1,1,0,0,0,1,0,1,0,0,0,0,0,0,0,0,0,0,0,1,0,0,0,1
3.739493230781615,0.0,2.100370545117563,1.0,1.0,0,1,0,1,1,0,0,0,1,0,1,0,0,0,0,0,0,0,0,0,0,0,1,0,1,0,0
3.962274604623315,0.0,2.2695129442179165,1.0,1.0,0,1,1,0,0,0,0,1,1,0,1,0,0,0,0,0,0,0,0,0,0,0,1,0,1,0,0
3.977952121201462,0.0,2.4409090820652177,1.0,1.0,0,1,0,1,0,0,0,1,1,0,1,0,0,0,0,0,0,0,0,0,0,0,1,0,1,0,0
3.4122925093230463,3.325515663363148,2.0827853703164503,1.0,1.0,0,1,0,1,1,0,0,0,1,0,1,0,0,0,0,0,0,0,0,0,0,0,1,0,0,0,1
3.2997251539756367,3.2111205412580492,2.0569048513364727,1.0,1.0,0,1,0,1,0,0,1,0,0,1,1,0,0,0,0,0,0,0,1,0,0,0,0,0,0,1,0
3.4915017662373264,3.1464381352857744,2.0569048513364727,1.0,1.0,0,1,0,1,0,0,1,0,1,0,1,0,0,0,0,0,0,0,0,0,0,0,1,0,0,0,1
3.515476441382376,2.6857417386022635,2.1335389083702174,1.0,1.0,0,1,0,1,0,0,1,0,1,0,1,0,0,0,0,0,0,0,0,0,0,0,1,0,0,1,0
3.502563669107363,0.0,1.8573324964312685,0.0,0.0,1,0,1,0,1,0,0,0,1,0,1,0,0,0,0,0,0,0,0,0,0,0,1,0,0,0,1
3.4820155764507117,3.164352855784437,1.9822712330395684,1.0,1.0,0,1,0,1,1,0,0,0,1,0,1,0,0,0,0,0,0,0,0,0,0,0,1,0,0,0,1
3.5913985512812485,3.2219355998280053,2.041392685158225,1.0,1.0,0,1,1,0,1,0,0,0,0,1,1,0,0,0,0,0,0,0,0,0,0,0,1,0,1,0,0
3.1763806922432702,3.2555137128195333,2.0170333392987803,0.0,0.0,1,0,1,0,1,0,0,0,1,0,1,0,0,0,0,0,0,0,0,0,0,0,1,0,0,1,0
3.4608978427565478,0.0,1.662757831681574,0.0,0.0,0,1,0,1,0,0,1,0,0,1,1,0,0,0,0,0,0,0,1,0,0,0,0,0,0,0,1
3.440279213235588,0.0,1.8195439355418688,1.0,0.0,0,1,1,0,1,0,0,0,0,1,1,0,0,0,0,0,0,0,0,0,1,0,0,0,1,0,0
3.3981136917305026,4.301051709845226,2.0170333392987803,1.0,1.0,0,1,1,0,1,0,0,0,1,0,1,0,0,0,0,0,0,0,0,0,0,0,1,0,0,1,0
3.2931414834509307,0.0,1.7323937598229686,1.0,1.0,1,0,1,0,1,0,0,0,0,1,1,0,0,0,0,0,0,0,0,0,0,0,1,0,0,1,0
3.871689665685515,0.0,2.290034611362518,1.0,0.0,1,0,1,0,1,0,0,0,1,0,0,1,0,0,0,0,0,0,0,0,0,0,1,0,1,0,0
3.6578204560156973,0.0,2.0644579892269186,1.0,1.0,1,0,1,0,1,0,0,0,1,0,1,0,0,0,0,0,0,0,0,0,0,0,1,0,0,1,0
3.336059277866349,3.3803921600570273,2.0644579892269186,1.0,1.0,0,1,0,1,1,0,0,0,0,1,1,0,0,0,0,0,0,0,0,0,0,0,1,0,0,0,1
3.345177616542704,0.0,1.8260748027008264,1.0,1.0,1,0,1,0,1,0,0,0,0,1,1,0,0,0,0,0,0,0,0,0,0,0,1,0,1,0,0
3.9191304138606142,0.0,2.184691430817599,0.0,0.0,0,1,0,1,0,1,0,0,1,0,1,0,0,0,0,0,0,0,0,0,1,0,0,0,0,1,0
4.908490380505824,0.0,2.5575072019056577,0.0,0.0,0,1,0,1,0,0,0,1,1,0,1,0,0,0,0,0,0,0,0,0,0,0,1,0,1,0,0
3.587486465410964,0.0,1.7993405494535817,1.0,0.0,1,0,1,0,0,1,0,0,0,1,0,1,0,0,0,0,0,0,0,0,0,0,1,0,0,1,0
3.7963661549775214,0.0,2.2068258760318495,1.0,1.0,0,1,0,1,1,0,0,0,1,0,1,0,0,0,0,0,0,0,0,0,0,0,1,0,0,0,1
3.78511619502192,0.0,2.3404441148401185,0.0,0.0,0,1,0,1,1,0,0,0,0,1,1,0,0,0,0,0,0,0,0,0,0,0,1,0,1,0,0
3.3529539117100877,3.308350948586726,2.0453229787866576,1.0,1.0,0,1,0,1,1,0,0,0,0,1,1,0,0,0,0,0,0,0,0,0,0,0,1,0,1,0,0
3.3324384599156054,3.510276844417355,2.2528530309798933,0.0,0.0,1,0,0,1,1,0,0,0,0,1,1,0,0,0,0,0,0,0,0,0,0,0,1,0,0,1,0
3.4765418090274287,0.0,1.7853298350107671,1.0,1.0,1,0,1,0,1,0,0,0,1,0,1,0,0,0,0,0,0,0,0,0,0,0,1,0,0,0,1
3.4151403521958725,0.0,2.2068258760318495,1.0,0.0,1,0,1,0,0,1,0,0,1,0,1,0,0,0,0,0,0,0,0,0,0,0,1,0,0,0,1
3.2043913319193,4.301051709845226,2.380211241711606,1.0,0.0,0,1,0,1,0,0,1,0,1,0,0,1,0,0,0,0,0,0,0,0,0,0,1,0,0,0,1
3.0111473607757975,3.443106456737266,2.0530784434834195,1.0,1.0,0,1,0,1,1,0,0,0,1,0,1,0,0,0,0,0,0,0,0,0,0,0,1,0,1,0,0
3.5114822886260013,3.151676230847048,2.143014800254095,1.0,1.0,0,1,0,1,1,0,0,0,1,0,1,0,0,0,0,0,0,0,0,0,0,0,1,0,0,1,0
3.765668554759014,0.0,2.143014800254095,1.0,1.0,0,1,0,1,1,0,0,0,1,0,1,0,0,0,0,0,0,0,0,0,0,0,1,0,1,0,0
3.4347285417797577,0.0,1.9084850188786497,0.0,0.0,1,0,1,0,1,0,0,0,0,1,1,0,0,0,0,0,0,0,0,0,0,0,1,0,0,0,1
3.26030994579492,3.2355284469075487,2.0043213737826426,1.0,1.0,0,1,0,1,1,0,0,0,1,0,1,0,0,0,0,0,0,0,0,0,0,0,1,0,0,0,1
3.860397905127313,3.22219604630172,2.0453229787866576,0.0,0.0,0,1,0,1,0,1,0,0,1,0,1,0,0,0,0,0,0,0,0,0,0,0,1,0,0,0,1
4.172632116686294,0.0,1.9867717342662448,1.0,1.0,0,1,0,1,1,0,0,0,1,0,1,0,0,0,0,0,0,0,0,0,0,0,1,0,0,1,0
3.4260230156898763,3.6335694425540916,2.0863598306747484,1.0,1.0,0,1,0,1,1,0,0,0,1,0,1,0,0,0,0,0,0,0,0,0,0,0,1,0,1,0,0
3.6634182122526795,0.0,1.9138138523837167,1.0,0.0,1,0,1,0,0,1,0,0,0,1,1,0,0,0,0,0,0,0,0,0,0,0,1,0,1,0,0
3.7734938922709707,0.0,2.1271047983648077,1.0,1.0,0,1,0,1,0,0,1,0,1,0,1,0,0,0,0,0,0,0,0,0,0,0,1,0,0,1,0
3.46553155697355,1.2335037816499752,1.9444826721501687,1.0,1.0,0,1,0,1,1,0,0,0,1,0,1,0,0,0,0,0,0,0,0,0,0,0,1,0,1,0,0
3.4342494523964757,0.0,1.7853298350107671,1.0,1.0,0,1,1,0,1,0,0,0,0,1,1,0,0,0,0,0,0,0,1,0,0,0,0,0,0,0,1
3.935759103745312,0.0,2.1789769472931693,1.0,1.0,1,0,1,0,0,1,0,0,1,0,0,1,0,0,0,0,0,0,0,0,0,0,1,0,0,1,0
3.8129801660394804,0.0,2.0253058652647704,0.0,0.0,0,1,1,0,1,0,0,0,1,0,1,0,0,0,0,0,0,0,0,0,0,0,1,0,1,0,0
4.109814695694399,0.0,2.6085260335771943,1.0,1.0,0,1,1,0,1,0,0,0,1,0,1,0,0,0,0,0,0,0,0,0,0,0,1,0,0,1,0
3.3848907965305544,3.3694014136966244,2.1583624920952498,1.0,1.0,0,1,0,1,1,0,0,0,1,0,1,0,0,0,0,0,0,0,0,0,0,0,1,0,0,1,0
3.574147064150723,0.0,2.0043213737826426,1.0,1.0,0,1,1,0,1,0,0,0,1,0,1,0,0,0,0,0,0,0,0,0,0,0,1,0,0,0,1
4.002079626393121,0.0,2.1568867957542874,1.0,1.0,1,0,0,1,1,0,0,0,1,0,1,0,0,0,0,0,0,0,0,1,0,0,0,0,0,1,0
3.284881714655453,3.2676409823459154,1.7075701760979363,1.0,1.0,0,1,1,0,1,0,0,0,1,0,1,0,0,0,0,0,0,0,0,0,0,0,1,0,0,1,0
3.345177616542704,3.0515383905153275,2.1568867957542874,1.0,1.0,0,1,0,1,1,0,0,0,1,0,1,0,0,0,0,0,0,0,0,0,0,0,1,0,0,0,1
4.017742664161498,0.0,2.27415784926368,0.0,0.0,0,1,1,0,1,0,0,0,1,0,0,1,0,0,0,0,0,0,0,0,0,0,1,0,0,0,1
3.8538806501245424,0.0,2.143014800254095,1.0,1.0,1,0,0,1,1,0,0,0,0,1,0,1,0,0,0,0,0,0,0,0,0,0,1,0,1,0,0
3.563599728881531,3.704579449696299,2.27415784926368,1.0,1.0,0,1,1,0,1,0,0,0,1,0,1,0,0,0,0,0,0,0,0,0,0,0,1,0,0,1,0
3.8977370253454273,3.263399331334002,2.2576785748691846,1.0,1.0,0,1,0,1,1,0,0,0,1,0,1,0,0,0,0,0,0,0,0,0,0,0,1,0,1,0,0
3.672836454171397,3.2997251539756367,2.173186268412274,1.0,1.0,0,1,1,0,0,0,0,1,0,1,1,0,0,0,0,0,0,0,0,0,0,0,1,0,0,1,0
4.576571684065291,0.0,2.184691430817599,1.0,1.0,0,1,1,0,0,1,0,0,1,0,1,0,0,0,0,0,0,0,0,0,0,0,1,0,0,1,0
3.865340905624584,3.9208534961212593,2.24551266781415,1.0,1.0,0,1,0,1,1,0,0,0,1,0,1,0,0,0,0,0,0,0,0,0,1,0,0,0,1,0,0
3.5399538416563967,3.0831441431430524,2.1172712956557644,1.0,1.0,0,1,0,1,0,1,0,0,1,0,0,1,0,0,0,0,0,0,0,0,0,0,1,0,1,0,0
3.667733052533267,0.0,2.0453229787866576,1.0,1.0,0,1,0,1,0,0,1,0,0,1,1,0,0,0,0,0,0,0,0,0,0,0,1,0,1,0,0
3.5490032620257876,3.1389339402569236,1.7481880270062005,1.0,0.0,0,1,0,1,1,0,0,0,1,0,1,0,0,0,0,0,0,0,0,0,0,0,1,0,1,0,0
3.523876475638131,3.2332500095411003,2.1789769472931693,0.0,0.0,0,1,0,1,0,0,1,0,1,0,1,0,0,0,0,0,0,0,0,0,0,0,1,0,1,0,0
3.4424797690644486,3.188365926063148,2.2810333672477277,1.0,0.0,0,1,1,0,0,1,0,0,0,1,0,1,0,0,0,0,0,0,0,0,0,0,1,0,0,1,0
3.3636119798921444,3.0989896394011773,2.100370545117563,0.0,0.0,0,1,0,1,0,0,1,0,0,1,1,0,0,0,0,0,0,0,0,0,0,0,1,0,1,0,0
3.2920344359947364,3.16345955176999,1.7853298350107671,1.0,1.0,0,1,0,1,0,0,1,0,0,1,1,0,0,0,0,0,0,0,0,0,1,0,0,0,0,0,1
3.5964871337365443,3.2390490931401916,2.1760912590556813,0.0,0.0,0,1,0,1,1,0,0,0,1,0,1,0,0,0,0,0,0,0,0,0,0,0,1,0,1,0,0
3.3951515915045425,3.392169149489736,1.9590413923210936,0.0,1.0,0,1,0,1,1,0,0,0,1,0,1,0,0,0,0,0,0,0,1,0,0,0,0,0,1,0,0
3.8504011479971583,0.0,1.9294189257142926,1.0,1.0,0,1,1,0,1,0,0,0,1,0,0,1,0,0,0,0,0,0,0,0,0,0,1,0,0,1,0
3.586587304671755,0.0,1.9867717342662448,1.0,1.0,0,1,0,1,0,0,1,0,1,0,1,0,0,0,0,0,0,0,0,0,0,0,1,0,0,1,0
3.6336704060514435,0.0,2.0755469613925306,1.0,1.0,0,1,0,1,1,0,0,0,1,0,1,0,0,0,0,0,0,0,0,0,0,0,1,0,0,0,1
3.5692568333286103,3.4099331233312946,2.2405492482826,1.0,0.0,0,1,0,1,1,0,0,0,1,0,1,0,0,0,0,0,0,0,0,0,0,0,1,0,0,0,1
3.638988159343682,0.0,2.1367205671564067,1.0,1.0,0,1,1,0,0,0,1,0,1,0,1,0,0,0,0,0,0,0,0,0,0,0,1,0,1,0,0
3.920905604164024,0.0,2.2068258760318495,1.0,0.0,0,1,0,1,1,0,0,0,1,0,1,0,0,0,0,0,0,0,0,0,0,0,1,0,0,1,0
3.3188977146274867,3.6110857334148725,2.2068258760318495,1.0,1.0,0,1,0,1,1,0,0,0,1,0,0,1,0,0,0,0,0,0,0,0,0,0,1,0,0,1,0
3.888797067456681,0.0,2.110589710299249,1.0,1.0,0,1,0,1,0,0,0,1,1,0,1,0,0,0,0,0,0,0,1,0,0,0,0,0,0,0,1
3.4794313371977363,3.3402457615679317,2.187520720836463,1.0,1.0,0,1,0,1,1,0,0,0,1,0,1,0,0,0,0,0,0,0,0,0,0,0,1,0,1,0,0
3.715334683792313,0.0,2.123851640967086,1.0,1.0,1,0,1,0,0,1,0,0,0,1,1,0,0,0,0,0,0,0,0,0,0,0,1,0,0,1,0
3.619823500457278,0.0,1.99563519459755,0.0,0.0,0,1,1,0,1,0,0,0,1,0,1,0,0,0,0,0,0,0,0,0,0,0,1,0,0,1,0
3.7782236267660965,0.0,2.1492191126553797,1.0,1.0,0,1,1,0,1,0,0,0,1,0,1,0,0,0,0,0,0,0,0,0,0,0,1,0,1,0,0
3.469527479187014,3.2214142378423385,1.8512583487190752,0.0,0.0,0,1,0,1,0,0,0,1,0,1,1,0,0,0,0,0,0,0,1,0,0,0,0,0,0,0,1
4.222534393381713,0.0,2.0453229787866576,1.0,1.0,0,1,0,1,1,0,0,0,1,0,1,0,0,0,0,0,0,0,0,0,0,0,1,0,0,1,0
2.3242824552976926,3.4650852875574327,1.99563519459755,1.0,1.0,1,0,0,1,0,0,1,0,0,1,1,0,0,0,0,0,0,0,0,0,0,0,1,0,0,1,0
3.636888906983799,3.3895204658463776,2.0453229787866576,1.0,0.0,0,1,0,1,1,0,0,0,1,0,1,0,0,0,0,0,0,0,0,0,0,0,1,0,0,0,1
3.5379449592914867,3.3180633349627615,2.2121876044039577,1.0,1.0,0,1,0,1,0,1,0,0,1,0,0,1,0,0,0,0,0,0,0,0,0,0,1,0,0,1,0
3.4239009185284166,3.1763806922432702,2.0569048513364727,0.0,0.0,0,1,0,1,0,1,0,0,0,1,1,0,0,0,0,0,0,0,1,0,0,0,0,0,1,0,0
3.671358003443492,0.0,2.0043213737826426,1.0,1.0,0,1,0,1,0,0,0,1,1,0,1,0,0,0,0,0,0,0,0,0,0,0,1,0,0,1,0
3.3981136917305026,0.0,1.9731278535996986,1.0,1.0,1,0,1,0,1,0,0,0,1,0,0,1,0,0,0,0,0,0,0,0,0,0,1,0,0,0,1
3.7429606702141522,3.667359546183087,2.2121876044039577,1.0,1.0,0,1,1,0,0,0,1,0,1,0,1,0,0,0,0,0,0,0,0,0,0,0,1,0,1,0,0
4.218167748420425,3.0064660422492318,2.1789769472931693,1.0,1.0,0,1,0,1,0,0,1,0,1,0,0,1,0,0,0,0,0,0,0,0,0,0,1,0,1,0,0
3.826139617935915,3.243286146083446,2.3636119798921444,1.0,1.0,0,1,0,1,0,0,1,0,1,0,1,0,0,0,0,0,0,0,0,0,1,0,0,0,0,1,0
3.4584867637982066,3.2725377773752373,2.123851640967086,0.0,0.0,0,1,0,1,0,0,1,0,1,0,1,0,0,0,0,0,0,0,0,0,0,0,1,0,0,1,0
4.22188349178524,3.35237549500052,1.9395192526186185,1.0,1.0,0,1,0,1,0,1,0,0,1,0,0,1,0,0,0,0,0,0,0,0,0,0,1,0,0,1,0
3.469527479187014,3.2052043639481447,2.1568867957542874,1.0,0.0,0,1,0,1,0,0,1,0,1,0,1,0,0,0,0,0,0,0,0,0,0,0,1,0,0,0,1
3.638589083292717,0.0,2.1903316981702914,1.0,1.0,1,0,1,0,1,0,0,0,0,1,1,0,0,0,0,0,0,0,0,0,0,0,1,0,1,0,0
3.490800952010855,0.0,2.0569048513364727,1.0,1.0,0,1,0,1,0,0,0,1,0,1,1,0,0,0,0,0,0,0,0,0,0,0,1,0,1,0,0
3.3188977146274867,3.4984484031739997,2.110589710299249,1.0,1.0,0,1,0,1,1,0,0,0,1,0,1,0,0,0,0,0,0,0,0,0,0,0,1,0,0,1,0
4.034788831251184,0.0,2.3710678622717363,1.0,1.0,0,1,0,1,1,0,0,0,1,0,1,0,0,0,0,0,0,0,0,0,0,0,1,0,0,1,0
3.9208534961212593,0.0,2.392696953259666,1.0,1.0,0,1,0,1,0,0,1,0,1,0,1,0,0,0,0,0,0,0,0,0,0,0,1,0,0,1,0
3.2920344359947364,3.386855529184724,2.12057393120585,1.0,1.0,0,1,0,1,0,1,0,0,0,1,1,0,0,0,0,0,0,0,0,0,0,0,1,0,1,0,0
3.5499836111596887,0.0,1.9084850188786497,0.0,0.0,0,1,1,0,0,0,1,0,1,0,1,0,0,0,0,0,0,0,0,0,0,0,1,0,1,0,0
4.2632572270140665,0.0,2.699837725867246,1.0,0.0,0,1,0,1,0,1,0,0,1,0,1,0,0,0,0,0,0,0,0,0,0,0,1,0,0,0,1
3.6612446089593336,3.3188977146274867,2.2068258760318495,1.0,1.0,0,1,0,1,0,0,1,0,1,0,0,1,0,0,0,0,0,0,0,0,0,0,1,0,0,1,0
3.3866772839608377,0.0,1.8808135922807914,1.0,0.0,0,1,1,0,1,0,0,0,1,0,1,0,0,0,0,0,0,0,0,0,0,0,1,0,0,0,1
3.4313637641589874,3.4449811120879446,1.9867717342662448,1.0,1.0,0,1,1,0,1,0,0,0,0,1,1,0,0,0,0,0,0,0,0,0,0,0,1,0,0,1,0
3.727053011353857,3.0538464268522527,2.271841606536499,1.0,1.0,0,1,0,1,0,1,0,0,0,1,1,0,0,0,0,0,0,0,0,0,0,0,1,0,0,0,1
3.5672616923538745,0.0,2.0453229787866576,1.0,1.0,0,1,1,0,1,0,0,0,0,1,1,0,0,0,0,0,0,0,0,0,0,0,1,0,1,0,0
4.237141427338836,0.0,2.3541084391474008,1.0,1.0,1,0,1,0,1,0,0,0,0,1,0,1,0,0,0,0,0,0,0,0,0,0,1,0,0,1,0
3.5560611590095323,3.334051440346892,2.0791812460476247,0.0,0.0,0,1,0,1,1,0,0,0,1,0,1,0,0,0,0,0,0,0,0,0,0,0,1,0,1,0,0
3.5220528008688223,2.960946195733831,2.0253058652647704,1.0,1.0,1,0,0,1,0,1,0,0,1,0,1,0,0,0,0,0,1,0,0,0,0,0,0,0,0,1,0
3.4151403521958725,3.230704313612569,2.03342375548695,1.0,1.0,0,1,0,1,1,0,0,0,0,1,1,0,0,0,0,0,0,0,0,0,0,0,1,0,1,0,0
3.6652056284346006,3.4560622244549513,2.0492180226701815,1.0,1.0,0,1,0,1,1,0,0,0,1,0,1,0,0,1,0,0,0,0,0,0,0,0,0,0,0,0,1
3.461798557525109,0.0,1.9822712330395684,1.0,1.0,0,1,0,1,0,1,0,0,1,0,0,1,0,0,0,0,0,0,0,0,0,0,1,0,0,1,0
3.7982361763679355,3.6451273992583912,2.322219294733919,0.0,0.0,0,1,1,0,1,0,0,0,1,0,1,0,0,0,0,0,0,0,0,0,0,0,1,0,1,0,0
2.8102325179950842,3.566319621524811,2.0569048513364727,1.0,1.0,1,0,1,0,1,0,0,0,1,0,1,0,0,0,0,0,0,0,0,0,0,0,0,1,1,0,0
3.499687082618404,0.0,2.0043213737826426,1.0,1.0,1,0,1,0,1,0,0,0,1,0,1,0,0,0,0,0,0,0,0,0,0,0,1,0,0,1,0
3.6871721045948,3.7501225267834,2.3201462861110542,1.0,1.0,0,1,0,1,0,0,1,0,1,0,1,0,0,0,0,0,0,0,0,0,0,0,1,0,0,1,0
3.607562243183588,3.7245216271185626,2.143014800254095,1.0,0.0,0,1,0,1,0,1,0,0,0,1,1,0,0,0,0,0,0,0,0,0,0,0,1,0,1,0,0
3.5814945422908995,3.171433900943008,2.0969100130080562,1.0,1.0,0,1,0,1,1,0,0,0,0,1,1,0,0,0,0,0,0,0,0,0,1,0,0,0,0,1,0
3.545430829465351,3.6451273992583912,2.387389826338729,1.0,1.0,0,1,0,1,0,0,1,0,1,0,1,0,0,0,0,0,0,0,0,0,0,0,1,0,1,0,0
4.31877265982548,3.8239955911559678,2.682145076373832,1.0,1.0,0,1,0,1,1,0,0,0,1,0,1,0,0,0,0,0,0,0,0,0,0,0,1,0,0,0,1
3.5543680009900878,0.0,1.9867717342662448,1.0,0.0,0,1,1,0,1,0,0,0,1,0,1,0,0,0,0,0,0,0,0,0,0,0,1,0,0,0,1
3.3944516808262164,3.479143247978613,2.2764618041732443,1.0,1.0,0,1,0,1,1,0,0,0,1,0,0,1,0,0,0,0,0,0,0,0,0,0,1,0,0,0,1
4.122641769625536,0.0,1.6127838567197355,1.0,1.0,1,0,1,0,0,1,0,0,1,0,1,0,0,0,0,0,0,0,0,0,0,0,1,0,0,0,1
3.5561818466529114,3.1099158630237933,2.0043213737826426,1.0,0.0,0,1,1,0,1,0,0,0,0,1,1,0,0,0,0,0,0,0,0,0,0,0,1,0,1,0,0
3.7829024059746446,3.302114376956201,2.399673721481038,1.0,1.0,0,1,0,1,0,1,0,0,1,0,1,0,0,0,0,0,0,0,0,0,0,0,1,0,0,1,0
3.516403148447403,3.3087777736647213,2.173186268412274,1.0,1.0,0,1,0,1,0,0,1,0,1,0,1,0,0,0,0,0,0,0,0,0,0,0,1,0,0,0,1
3.328583449714202,3.8239304551255637,1.8512583487190752,1.0,0.0,0,1,0,1,1,0,0,0,1,0,1,0,0,0,0,0,0,0,1,0,0,0,0,0,0,1,0
3.7646243978509815,3.5643109099606027,2.494154594018443,1.0,0.0,0,1,1,0,1,0,0,0,1,0,1,0,0,0,0,0,0,0,0,0,0,0,1,0,1,0,0
3.5399538416563967,3.535167485114944,2.1789769472931693,1.0,1.0,0,1,0,1,0,0,0,1,1,0,1,0,0,0,0,0,0,0,0,0,0,0,1,0,1,0,0
3.307923703611882,3.212986184736668,2.0569048513364727,1.0,1.0,1,0,0,1,0,0,1,0,1,0,1,0,0,0,0,0,0,0,0,0,0,0,0,1,0,1,0
3.4878451201114355,3.2555137128195333,2.093421685162235,0.0,0.0,0,1,0,1,1,0,0,0,0,1,1,0,0,0,0,0,0,0,0,0,0,0,1,0,0,1,0
3.6706168864003255,3.2823955047425257,2.2695129442179165,1.0,0.0,0,1,1,0,1,0,0,0,1,0,1,0,0,0,0,0,0,0,0,0,0,0,1,0,0,1,0
3.531606631932722,0.0,1.9822712330395684,1.0,0.0,1,0,1,0,1,0,0,0,0,1,1,0,0,0,0,0,0,0,0,0,0,0,1,0,1,0,0
3.341038631677523,3.2412973871099933,1.662757831681574,1.0,1.0,0,1,0,1,0,0,1,0,0,1,1,0,0,0,0,0,0,0,0,0,0,0,1,0,0,1,0
3.3981136917305026,0.0,1.7481880270062005,1.0,1.0,0,1,1,0,1,0,0,0,1,0,1,0,0,0,0,0,0,0,0,0,0,0,1,0,0,1,0
3.7541953881898382,3.153814864344529,2.0043213737826426,1.0,1.0,0,1,0,1,0,0,0,1,1,0,0,1,0,0,0,0,0,0,0,0,0,0,1,0,1,0,0
3.9003124969837266,3.8553374044695405,2.682145076373832,1.0,1.0,0,1,0,1,0,0,1,0,1,0,0,1,0,0,0,0,0,0,0,0,0,0,1,0,1,0,0
3.670338641127442,3.3197304943302246,2.1568867957542874,1.0,0.0,0,1,1,0,1,0,0,0,1,0,1,0,0,0,0,0,0,0,0,0,0,0,1,0,0,1,0
4.2430628648048065,0.0,2.603144372620182,1.0,1.0,0,1,0,1,0,0,1,0,1,0,0,1,0,0,0,0,0,0,0,0,0,0,1,0,1,0,0
3.5770319856260313,0.0,2.0453229787866576,1.0,1.0,0,1,0,1,1,0,0,0,1,0,1,0,0,0,0,0,0,0,0,0,0,0,1,0,0,1,0
3.7231271587956916,3.1556396337597765,2.2095150145426308,0.0,1.0,0,1,0,1,0,1,0,0,0,1,1,0,0,0,0,0,0,0,0,0,0,0,1,0,0,1,0
3.428134794028789,3.1149444157125847,1.9777236052888478,1.0,1.0,0,1,1,0,0,1,0,0,0,1,1,0,0,0,0,0,0,0,0,0,0,0,1,0,0,1,0
3.8314858392486575,0.0,2.1172712956557644,1.0,1.0,0,1,1,0,1,0,0,0,0,1,1,0,0,0,0,0,0,0,0,0,0,0,1,0,0,1,0
3.0111473607757975,3.740441644949766,2.3364597338485296,1.0,1.0,0,1,0,1,1,0,0,0,1,0,1,0,0,0,0,0,0,0,0,0,0,0,1,0,1,0,0
3.6316466629584196,0.0,2.0043213737826426,1.0,1.0,0,1,0,1,0,0,0,1,1,0,1,0,0,0,0,0,0,0,0,0,0,0,1,0,0,0,1
3.5549734583332397,0.0,2.0453229787866576,0.0,0.0,0,1,1,0,0,0,1,0,1,0,1,0,0,0,0,0,0,0,0,0,0,0,1,0,1,0,0
4.051191124685698,0.0,2.294466226161593,1.0,0.0,0,1,1,0,0,1,0,0,1,0,1,0,0,0,0,0,0,0,0,0,0,0,1,0,0,1,0
4.2592593098523635,0.0,2.100370545117563,1.0,1.0,1,0,1,0,1,0,0,0,0,1,0,1,0,0,0,0,0,0,0,0,0,0,1,0,0,0,1
3.40671045860979,3.3102683666324477,2.103803720955957,1.0,1.0,0,1,1,0,1,0,0,0,0,1,1,0,0,0,0,0,0,0,0,0,0,0,1,0,1,0,0
3.7877437716464666,3.5918434112247843,2.5118833609788744,1.0,1.0,0,1,0,1,1,0,0,0,1,0,1,0,0,0,0,0,0,0,0,0,0,0,1,0,0,0,1
3.558468562523795,0.0,2.03342375548695,1.0,1.0,0,1,1,0,0,0,1,0,1,0,1,0,0,0,0,0,0,0,0,0,0,0,1,0,0,1,0
3.4650852875574327,2.7299742856995555,1.8260748027008264,1.0,0.0,0,1,0,1,1,0,0,0,0,1,1,0,0,0,0,0,0,0,0,0,0,0,1,0,1,0,0
3.8073997127594854,0.0,2.1986570869544226,1.0,1.0,0,1,0,1,0,0,0,1,1,0,1,0,0,0,0,0,0,0,1,0,0,0,0,0,1,0,0
3.6636067081245205,3.4542348957482654,2.1492191126553797,1.0,1.0,1,0,0,1,0,1,0,0,1,0,1,0,0,0,0,0,0,0,1,0,0,0,0,0,0,1,0
3.330210784571528,0.0,2.0,0.0,0.0,1,0,1,0,1,0,0,0,1,0,1,0,0,0,0,0,0,0,0,0,0,0,1,0,0,1,0
3.5626496722119168,0.0,1.9822712330395684,1.0,1.0,1,0,1,0,0,1,0,0,1,0,1,0,0,0,0,0,0,0,0,0,0,0,1,0,0,1,0
3.3502480183341627,3.40226138245468,2.110589710299249,1.0,1.0,0,1,0,1,0,1,0,0,0,1,1,0,0,0,0,0,0,0,0,0,0,0,1,0,0,0,1
3.479719235439571,2.8221680793680175,2.012837224705172,1.0,1.0,1,0,0,1,1,0,0,0,0,1,1,0,0,0,0,0,0,0,0,0,0,0,1,0,0,1,0
3.4423229557455746,3.2902572693945182,2.1931245983544616,1.0,1.0,0,1,0,1,1,0,0,0,1,0,1,0,0,0,0,0,0,0,0,0,0,0,1,0,1,0,0
3.526210003841664,0.0,1.9084850188786497,1.0,0.0,0,1,1,0,1,0,0,0,0,1,1,0,0,0,1,0,0,0,0,0,0,0,0,0,0,1,0
3.4026052419199146,3.2513948500401044,2.164352855784437,1.0,1.0,0,1,1,0,1,0,0,0,1,0,1,0,0,0,0,0,0,0,0,0,0,0,1,0,1,0,0
3.699056854547668,0.0,2.0170333392987803,0.0,0.0,1,0,1,0,1,0,0,0,1,0,1,0,0,0,0,0,0,0,0,0,0,0,1,0,0,1,0
3.4449811120879446,3.3047058982127653,2.0453229787866576,1.0,1.0,0,1,0,1,1,0,0,0,1,0,1,0,0,0,0,0,0,0,0,0,0,0,1,0,1,0,0
3.8217754671834636,0.0,2.1568867957542874,0.0,0.0,0,1,0,1,0,0,1,0,1,0,0,1,0,0,0,0,0,0,0,0,0,0,1,0,1,0,0
3.3967222785037734,3.375846436309156,2.1568867957542874,1.0,1.0,0,1,0,1,0,1,0,0,0,1,1,0,0,0,0,0,0,0,0,0,0,0,1,0,1,0,0
3.5229655954919865,3.5120169694961265,2.2013971243204513,1.0,1.0,0,1,0,1,0,1,0,0,1,0,1,0,0,0,0,0,0,0,0,0,0,0,1,0,0,0,1
3.3900514964589874,3.3681008517093516,2.2600713879850747,0.0,0.0,0,1,0,1,1,0,0,0,0,1,1,0,0,0,0,0,0,0,0,0,0,0,1,0,0,0,1
3.555578072772955,3.630122642859312,2.123851640967086,0.0,0.0,0,1,0,1,1,0,0,0,1,0,1,0,0,0,0,0,0,0,1,0,0,0,0,0,1,0,0
3.737907923374639,3.0141003215196207,1.4313637641589874,1.0,1.0,0,1,0,1,0,1,0,0,1,0,1,0,0,0,0,0,0,0,0,0,0,0,1,0,0,1,0
3.426185825244511,3.2111205412580492,1.9294189257142926,1.0,1.0,1,0,1,0,1,0,0,0,1,0,1,0,0,0,0,0,0,0,0,0,0,0,1,0,0,0,1
4.006037954997317,0.0,2.416640507338281,1.0,1.0,0,1,0,1,0,0,0,1,1,0,0,1,0,0,0,0,0,0,0,0,0,0,1,0,0,1,0
3.589726256254237,3.4265112613645754,2.2121876044039577,1.0,1.0,0,1,0,1,1,0,0,0,1,0,1,0,0,0,0,0,0,0,0,0,0,0,1,0,0,1,0
3.621280167550415,3.3630475945210936,2.2624510897304293,1.0,1.0,1,0,0,1,1,0,0,0,1,0,1,0,0,0,0,0,0,0,0,0,0,0,1,0,0,1,0
3.5653755027140734,2.385606273598312,2.037426497940624,1.0,1.0,0,1,0,1,0,0,1,0,0,1,1,0,0,0,0,0,0,0,0,0,0,0,1,0,0,1,0
4.2897004101287095,0.0,2.7788744720027396,1.0,1.0,1,0,0,1,0,1,0,0,1,0,0,1,0,0,0,0,0,0,0,0,0,0,1,0,0,1,0
3.772615049849171,3.312811826212088,2.326335860928751,1.0,1.0,0,1,0,1,1,0,0,0,1,0,1,0,0,0,0,0,0,0,0,0,0,0,1,0,1,0,0
3.763502865467597,0.0,2.123851640967086,1.0,1.0,0,1,1,0,1,0,0,0,0,1,0,1,0,0,0,0,0,0,0,0,0,0,1,0,0,1,0
3.9444826721501687,0.0,2.413299764081252,0.0,0.0,0,1,0,1,0,0,1,0,1,0,1,0,0,0,0,0,0,0,0,0,0,0,1,0,0,0,1
3.6501131644435714,0.0,2.0827853703164503,1.0,1.0,0,1,0,1,1,0,0,0,0,1,1,0,0,0,0,0,0,0,0,0,0,0,1,0,1,0,0
3.5229655954919865,0.0,1.8512583487190752,1.0,1.0,0,1,1,0,1,0,0,0,1,0,1,0,0,0,0,0,0,0,0,0,0,0,1,0,0,0,1
3.531606631932722,3.3981136917305026,2.093421685162235,0.0,0.0,0,1,0,1,0,0,0,1,1,0,1,0,0,0,0,0,0,0,0,0,0,0,1,0,1,0,0
3.3763944420372662,0.0,1.0,1.0,0.0,1,0,1,0,1,0,0,0,1,0,1,0,0,0,0,0,0,0,0,0,0,0,1,0,0,0,1
3.500648063371912,3.31492005599242,2.0211892990699383,0.0,0.0,0,1,0,1,1,0,0,0,1,0,1,0,0,0,0,0,0,0,0,0,0,0,1,0,0,0,1
3.533772058384718,3.243286146083446,2.271841606536499,1.0,1.0,0,1,0,1,0,1,0,0,1,0,1,0,0,0,0,0,0,0,0,0,0,0,1,0,0,0,1
3.7090154169721172,3.161966616364075,2.220108088040055,0.0,0.0,0,1,0,1,1,0,0,0,1,0,1,0,0,0,0,0,0,0,0,0,0,0,1,0,0,0,1
4.221857435419136,0.0,2.4409090820652177,1.0,1.0,0,1,0,1,0,0,1,0,1,0,1,0,0,0,0,0,0,0,0,0,0,0,1,0,0,0,1
3.787176992470554,3.2111205412580492,2.27415784926368,1.0,0.0,0,1,0,1,0,0,1,0,0,1,1,0,0,0,0,0,0,0,0,0,0,0,0,1,0,1,0
3.8066547239918607,0.0,2.1789769472931693,1.0,0.0,0,1,0,1,0,0,0,1,1,0,1,0,0,0,0,0,0,0,0,0,0,0,1,0,0,1,0
3.499687082618404,2.6646419755561257,2.037426497940624,1.0,1.0,0,1,0,1,0,0,1,0,1,0,1,0,0,0,0,0,1,0,0,0,0,0,0,0,0,0,1
3.4896772916636984,3.344588742578714,2.1367205671564067,0.0,0.0,0,1,0,1,1,0,0,0,1,0,1,0,0,0,0,0,0,0,0,0,0,0,1,0,0,1,0
3.509202522331103,3.437750562820388,2.0453229787866576,1.0,1.0,0,1,1,0,1,0,0,0,1,0,1,0,0,0,0,0,0,0,0,0,0,0,1,0,0,0,1
3.2511513431753545,3.348888723071438,2.03342375548695,1.0,1.0,0,1,0,1,0,1,0,0,1,0,1,0,0,0,0,0,0,0,0,0,0,0,1,0,1,0,0
3.502836638621003,3.4650852875574327,2.2095150145426308,1.0,1.0,0,1,1,0,1,0,0,0,1,0,1,0,0,0,0,0,0,0,0,0,0,0,1,0,0,0,1
3.8156441491319653,0.0,2.3138672203691533,1.0,1.0,0,1,0,1,0,0,1,0,1,0,1,0,0,0,0,0,0,0,0,0,0,0,1,0,0,1,0
3.2641091563058082,4.529404686085888,1.9590413923210936,1.0,0.0,0,1,1,0,1,0,0,0,1,0,1,0,0,0,0,0,0,0,0,0,0,0,1,0,0,0,1
3.500648063371912,0.0,1.568201724066995,1.0,1.0,1,0,0,1,1,0,0,0,1,0,1,0,0,0,0,0,0,0,0,0,0,0,1,0,0,1,0
3.274388795550379,0.0,1.792391689498254,1.0,0.0,0,1,0,1,0,1,0,0,1,0,1,0,0,0,0,0,0,0,0,0,0,0,1,0,1,0,0
3.4452927694259716,3.282848602834645,2.167317334748176,0.0,0.0,0,1,0,1,0,1,0,0,1,0,1,0,0,0,0,0,0,0,0,0,0,0,1,0,1,0,0
3.631849462159818,3.477265995424853,2.2380461031287955,1.0,0.0,0,1,0,1,0,1,0,0,1,0,1,0,0,0,0,0,1,0,0,0,0,0,0,0,1,0,0
3.3613500243522663,3.1826999033360424,2.0211892990699383,1.0,1.0,0,1,0,1,1,0,0,0,1,0,1,0,0,0,0,0,0,0,0,0,0,0,1,0,0,0,1
3.3356584522893016,0.0,1.8512583487190752,1.0,1.0,1,0,1,0,1,0,0,0,0,1,1,0,0,0,0,0,0,0,0,0,0,0,1,0,0,1,0
3.6767850304192056,0.0,1.9777236052888478,1.0,1.0,0,1,1,0,1,0,0,0,1,0,1,0,0,0,0,0,0,0,0,0,0,0,1,0,0,1,0
3.43568513794163,0.0,2.0293837776852097,0.0,0.0,0,1,0,1,0,0,1,0,1,0,0,1,0,0,0,0,0,0,0,0,0,0,1,0,0,1,0
3.477265995424853,3.5336449787987627,1.7558748556724915,1.0,1.0,0,1,0,1,1,0,0,0,1,0,1,0,0,0,0,0,0,0,1,0,0,0,0,0,0,1,0
3.7782236267660965,0.0,2.3138672203691533,1.0,0.0,0,1,0,1,0,0,1,0,1,0,0,1,0,0,0,0,0,0,0,1,0,0,0,0,0,1,0
3.9711830408561615,0.0,2.4668676203541096,1.0,1.0,0,1,1,0,0,0,0,1,1,0,0,1,0,0,0,0,0,0,0,0,0,0,1,0,0,1,0
3.586587304671755,3.5186455243303114,2.155336037465062,1.0,1.0,0,1,0,1,1,0,0,0,1,0,1,0,0,0,0,0,0,0,1,0,0,0,0,0,1,0,0
4.207391977978488,0.0,2.416640507338281,1.0,1.0,0,1,0,1,1,0,0,0,1,0,0,1,0,0,0,0,0,0,0,0,0,0,1,0,0,0,1
3.5836521085420436,0.0,2.0453229787866576,1.0,1.0,0,1,1,0,1,0,0,0,0,1,1,0,0,0,0,0,0,0,0,0,0,0,1,0,1,0,0
3.805092878342673,3.000434077479319,2.27415784926368,1.0,0.0,0,1,0,1,0,0,1,0,0,1,0,1,0,0,0,0,0,0,0,0,0,0,1,0,1,0,0
3.475380593143361,0.0,1.9493900066449128,0.0,0.0,0,1,1,0,1,0,0,0,1,0,1,0,0,0,0,0,0,0,0,0,0,0,1,0,0,1,0
3.9984337188644687,0.0,2.2576785748691846,1.0,1.0,0,1,0,1,1,0,0,0,1,0,0,1,0,0,0,0,0,0,0,0,0,0,1,0,1,0,0
3.7620029693751156,0.0,2.285557309007774,1.0,1.0,0,1,0,1,0,0,1,0,1,0,1,0,0,0,0,0,0,0,0,0,0,0,1,0,0,0,1
2.6201360549737576,4.619802655489461,2.545307116465824,1.0,0.0,1,0,1,0,0,0,0,1,1,0,1,0,0,0,0,0,0,0,1,0,0,0,0,0,0,0,1
3.4616485680634552,3.446070935701005,2.1931245983544616,1.0,1.0,0,1,0,1,1,0,0,0,0,1,1,0,0,0,0,0,0,0,0,0,0,0,1,0,1,0,0
3.756179516843809,0.0,2.110589710299249,1.0,1.0,0,1,0,1,0,0,0,1,1,0,1,0,0,0,0,0,0,0,0,0,0,0,1,0,0,0,1
3.5654936298688624,3.6336704060514435,2.2380461031287955,1.0,1.0,0,1,1,0,1,0,0,0,1,0,1,0,0,0,0,0,0,0,0,0,0,0,1,0,1,0,0
4.079217435746567,0.0,2.696356388733332,1.0,1.0,1,0,0,1,0,1,0,0,1,0,1,0,0,0,0,0,0,0,0,0,0,0,1,0,0,1,0
3.3803921600570273,3.5798978696031036,2.1568867957542874,1.0,0.0,0,1,0,1,1,0,0,0,0,1,1,0,0,0,0,0,0,0,1,0,0,0,0,0,0,0,1
3.531606631932722,3.3981136917305026,2.2405492482826,1.0,1.0,0,1,0,1,0,1,0,0,1,0,1,0,0,0,0,0,0,0,0,0,0,0,1,0,0,1,0
3.600755149639618,3.149834696715785,2.1986570869544226,1.0,1.0,0,1,0,1,0,0,1,0,0,1,1,0,0,0,0,0,0,0,0,0,0,0,1,0,1,0,0
3.5096057046115563,3.2902572693945182,2.037426497940624,1.0,1.0,0,1,0,1,1,0,0,0,1,0,1,0,0,0,0,0,0,0,0,0,0,0,1,0,1,0,0
3.4625477288026643,0.0,1.8573324964312685,1.0,1.0,1,0,1,0,1,0,0,0,1,0,1,0,0,0,0,0,0,0,0,0,0,0,1,0,1,0,0
3.6135247028536526,0.0,1.6127838567197355,1.0,1.0,0,1,0,1,0,0,0,1,1,0,1,0,0,0,0,0,0,0,1,0,0,0,0,0,1,0,0
3.907034952483417,2.3820170425748683,2.404833716619938,1.0,1.0,0,1,0,1,0,1,0,0,1,0,1,0,0,0,0,0,0,0,0,0,0,0,1,0,0,0,1
3.87989832433001,0.0,2.27415784926368,1.0,1.0,0,1,0,1,0,0,1,0,1,0,1,0,0,0,0,0,0,0,0,0,0,0,1,0,0,0,1
